CompanyID,DirectorID,DirectorName,CompanyName,RoleName,DateStartRole,DateEndRole,Seniority,Ticker,ceo?,
324,203638,Greg Carmichael,FIFTH THIRD BANCORP,Chairman/President/CEO,2/1/18,10/26/20,Executive Director,FITB,1,Greg Carmichael
481,336173,Mike Minogue,ABIOMED INC (De-listed 12/2022),Chairman/President/CEO,6/15/05,12/22/22,Executive Director,ABMD,1,Mike Minogue
725,69696,Bobby Kotick,ACTIVISION BLIZZARD INC (De-listed 10/2023),CEO,6/26/17,10/13/23,Executive Director,ATVI,1,Bobby Kotick
808,49351,Shantanu Narayen,ADOBE INC (Adobe Systems Inc prior to 10/2018),Chairman/President/CEO,1/27/17,1/13/22,Executive Director,ADBE,1,Shantanu Narayen
881,542142,Doctor Lisa Su,ADVANCED MICRO DEVICES INC (AMD),President/CEO,10/8/14,2/14/22,Executive Director,AMD,1,Doctor Lisa Su
979,452889,Doctor Andrés Gluski Weilert,AES CORP,President/CEO,9/30/11,C,Executive Director,AES,1,Doctor Andrés Gluski Weilert
1060,598782,Mike McMullen,AGILENT TECHNOLOGIES INC,President/CEO,3/18/15,C,Executive Director,A,1,Mike McMullen
1173,24391,Seifi Ghasemi,AIR PRODUCTS & CHEMICALS INC,Chairman/President/CEO,7/1/14,C,Executive Director,APD,1,Seifi Ghasemi
1221,183176,Doctor Tom Leighton,AKAMAI TECHNOLOGIES INC,CEO,1/1/13,C,Executive Director,AKAM,1,Doctor Tom Leighton
1273,220505,Brad Tilden,ALASKA AIR GROUP INC,Chairman/President/CEO,1/1/14,3/31/21,Executive Director,ALK,1,Brad Tilden
1354,182964,Joel Marcus,ALEXANDRIA REAL ESTATE EQUITIES INC,Chairman (Executive),4/23/18,C,Executive Director,ARE,1,Joel Marcus
1355,1077323,Doctor Ludwig Hantson,ALEXION PHARMACEUTICALS INC (De-listed 07/2021),CEO,3/27/17,7/21/21,Executive Director,ALXN,1,Doctor Ludwig Hantson
1355,1077323,Doctor Ludwig Hantson,ALEXION PHARMACEUTICALS INC (De-listed 07/2021),CEO,3/27/17,7/21/21,Executive Director,AXP,1,Doctor Ludwig Hantson
1384,32461,Joe Hogan,ALIGN TECHNOLOGY INC,President/CEO,6/1/15,C,Executive Director,ALGN,1,Joe Hogan
1476,896820,John Larsen,ALLIANT ENERGY CORP,Chair/President/CEO,7/1/19,2/27/23,Executive Director,LNT,1,John Larsen
1534,34944,Tom Wilson II,ALLSTATE CORP,Chairman/President/CEO,2/23/18,C,Executive Director,ALL,1,Tom Wilson II
1573,327486,Liam Griffin,SKYWORKS SOLUTIONS INC (Alpha Industries prior to 6/2002),President/CEO,5/11/16,5/13/21,Executive Director,SWKS,1,Liam Griffin
1703,45136,Jeff Bezos,AMAZON.COM INC,Chairman/President/CEO,10/1/00,7/5/21,Executive Director,AMZN,1,Jeff Bezos
1710,60091,Hamid Moghadam,PROLOGIS INC (AMB Property Corp prior to 06/2011),Chairman/CEO,1/1/13,C,Executive Director,PLD,1,Hamid Moghadam
1809,533555,Nick Akins,AMERICAN ELECTRIC POWER CO INC,Chairman/President/CEO,1/1/14,8/10/22,Executive Director,AEP,1,Nick Akins
1815,455385,Steve Squeri,AMERICAN EXPRESS CO,Chairman/CEO,2/1/18,C,Executive Director,AEC1,1,Steve Squeri
1815,455385,Steve Squeri,AMERICAN EXPRESS CO,Chairman/CEO,2/1/18,C,Executive Director,AXP,1,Steve Squeri
1970,64947,John Hess,HESS CORP (Amerada Hess prior to 05/2006),CEO,5/16/13,C,Executive Director,HES,1,John Hess
1976,51707,Warner Baxter,AMEREN CORP,Chairman/President/CEO,7/1/14,1/1/22,Executive Director,AEE,1,Warner Baxter
2058,205055,David Zapico,AMETEK INC,Chairman/CEO,7/7/17,C,Executive Director,AME,1,David Zapico
2068,534543,Bob Bradway,AMGEN INC,Chairman/President/CEO,1/1/13,C,Executive Director,AMG,1,Bob Bradway
2068,534543,Bob Bradway,AMGEN INC,Chairman/President/CEO,1/1/13,C,Executive Director,AMGN,1,Bob Bradway
2100,496788,Richard Norwitt,AMPHENOL CORP,President/CEO,1/5/09,C,Executive Director,APH,1,Richard Norwitt
2129,36584,Marty Flanagan,INVESCO LTD (Invesco PLC prior to 12/2007),President/CEO,8/1/05,6/30/23,Executive Director,IVZ,1,Marty Flanagan
2145,35469,Vincent Roche,ANALOG DEVICES INC,President/CEO,5/6/13,3/9/22,Executive Director,ADI,1,Vincent Roche
2257,545851,Doctor Ajei Gopal,ANSYS INC,President/CEO,1/1/17,C,Executive Director,ANSS,1,Doctor Ajei Gopal
2273,184069,Gail Boudreaux,ELEVANCE HEALTH INC (Anthem Inc prior to 06/2022),President/CEO,11/20/17,C,Executive Director,ELV,1,Gail Boudreaux
2307,535064,John Christmann IV,APA CORP (Apache Corp prior to 03/2021),President/CEO,1/20/15,1/1/24,Executive Director,APA,1,John Christmann IV
2310,87112,The Hon. Terry Considine,APARTMENT INVESTMENT & MANAGEMENT CO (AIMCO),Chairman/CEO,2/10/09,12/15/20,Executive Director,,1,The Hon. Terry Considine
2310,87112,The Hon. Terry Considine,APARTMENT INVESTMENT & MANAGEMENT CO (AIMCO),Chairman/CEO,2/10/09,12/15/20,Executive Director,AIV,1,The Hon. Terry Considine
2355,55422,Tim Cook,APPLE INC (Apple Computer Inc prior to 01/2007),CEO,8/24/11,C,Executive Director,AAPL,1,Tim Cook
2382,50901,Gary Dickerson,APPLIED MATERIALS INC,President/CEO,9/1/13,C,Executive Director,AMAT,1,Gary Dickerson
2490,890753,Juan Luciano,ARCHER-DANIELS-MIDLAND CO,Chairman/President/CEO,1/1/16,C,Executive Director,ADM,1,Juan Luciano
2963,328716,Kim Cocklin,ATMOS ENERGY CORP,Chairman (Executive),10/1/17,11/23/20,Executive Director,ATO,1,Kim Cocklin
2963,806085,John Akers,ATMOS ENERGY CORP,President/CEO,10/1/19,C,Executive Director,ATO,1,John Akers
3101,745222,Carlos Rodriguez,AUTOMATIC DATA PROCESSING INC (ADP),President/CEO,11/8/11,1/1/22,Executive Director,ADP,1,Carlos Rodriguez
3118,1203207,Doctor Andrew Anagnost,AUTODESK INC,President/CEO,6/19/17,1/19/21,Executive Director,ADSK,1,Doctor Andrew Anagnost
3118,1203207,Doctor Andrew Anagnost,AUTODESK INC,President/CEO,6/19/17,1/19/21,Executive Director,AUD,1,Doctor Andrew Anagnost
3154,49966,Bill Rhodes III,AUTOZONE INC,Chairman/President/CEO,6/6/07,1/2/24,Executive Director,AZO,1,Bill Rhodes III
3169,204883,Tim Naughton,AVALONBAY COMMUNITIES INC,Chairman/President/CEO,5/22/13,2/1/21,Executive Director,AVB,1,Tim Naughton
3210,530989,Mitch Butier,AVERY DENNISON CORP,Chairman/President/CEO,4/25/19,2/28/22,Executive Director,AVY,1,Mitch Butier
3415,641184,Lorenzo Simonelli,BAKER HUGHES CO (Baker Hughes a GE Co prior to 10/2019),Chairman/President/CEO,10/2/17,C,Executive Director,68V,1,Lorenzo Simonelli
3415,641184,Lorenzo Simonelli,BAKER HUGHES CO (Baker Hughes a GE Co prior to 10/2019),Chairman/President/CEO,10/2/17,C,Executive Director,BKR,1,Lorenzo Simonelli
3439,456592,John Hayes,BALL CORP,Chairman/President/CEO,4/24/13,1/1/21,Executive Director,BALL,1,John Hayes
3684,327852,Joe Almeida,BAXTER INTERNATIONAL INC,Chairman/President/CEO,1/1/16,C,Executive Director,BAX,1,Joe Almeida
3718,39271,Kelly King,TRUIST FINANCIAL CORP (BB&T Corp prior to 12/2019),Chairman/CEO,12/20/16,9/12/21,Executive Director,BBT.PRG,1,Kelly King
3718,39271,Kelly King,TRUIST FINANCIAL CORP (BB&T Corp prior to 12/2019),Chairman/CEO,12/20/16,9/12/21,Executive Director,BBT.PRH,1,Kelly King
3718,39271,Kelly King,TRUIST FINANCIAL CORP (BB&T Corp prior to 12/2019),Chairman/CEO,12/20/16,9/12/21,Executive Director,TFC,1,Kelly King
3718,39271,Kelly King,TRUIST FINANCIAL CORP (BB&T Corp prior to 12/2019),Chairman/CEO,12/20/16,9/12/21,Executive Director,TFC.PRF,1,Kelly King
3718,39271,Kelly King,TRUIST FINANCIAL CORP (BB&T Corp prior to 12/2019),Chairman/CEO,12/20/16,9/12/21,Executive Director,TFC.PRG,1,Kelly King
3718,39271,Kelly King,TRUIST FINANCIAL CORP (BB&T Corp prior to 12/2019),Chairman/CEO,12/20/16,9/12/21,Executive Director,TFC.PRH,1,Kelly King
4078,82162,Rob Berkley Jr,W.R. BERKLEY CORP,President/CEO,10/31/15,C,Executive Director,WRB,1,Rob Berkley Jr
4078,82207,Wm Berkley Sr,W.R. BERKLEY CORP,Chairman (Executive),10/31/15,C,Executive Director,WRB,1,Wm Berkley Sr
4080,32543,Warren Buffett,BERKSHIRE HATHAWAY INC,Chairman/CEO,1/1/70,C,Executive Director,BRH,1,Warren Buffett
4080,32543,Warren Buffett,BERKSHIRE HATHAWAY INC,Chairman/CEO,1/1/70,C,Executive Director,BRK.A,1,Warren Buffett
4080,32543,Warren Buffett,BERKSHIRE HATHAWAY INC,Chairman/CEO,1/1/70,C,Executive Director,BRK.B,1,Warren Buffett
4080,32543,Warren Buffett,BERKSHIRE HATHAWAY INC,Chairman/CEO,1/1/70,C,Executive Director,BRYN,1,Warren Buffett
4080,40751,Charlie Munger,BERKSHIRE HATHAWAY INC,Vice Chairman,1/1/78,11/28/23,Executive Director,BRH,1,Charlie Munger
4080,40751,Charlie Munger,BERKSHIRE HATHAWAY INC,Vice Chairman,1/1/78,11/28/23,Executive Director,BRK.A,1,Charlie Munger
4080,40751,Charlie Munger,BERKSHIRE HATHAWAY INC,Vice Chairman,1/1/78,11/28/23,Executive Director,BRK.B,1,Charlie Munger
4080,40751,Charlie Munger,BERKSHIRE HATHAWAY INC,Vice Chairman,1/1/78,11/28/23,Executive Director,BRYN,1,Charlie Munger
4080,344171,Greg Abel,BERKSHIRE HATHAWAY INC,Vice Chairman - Operations,1/9/18,C,Executive Director,BRH,1,Greg Abel
4080,344171,Greg Abel,BERKSHIRE HATHAWAY INC,Vice Chairman - Operations,1/9/18,C,Executive Director,BRK.A,1,Greg Abel
4080,344171,Greg Abel,BERKSHIRE HATHAWAY INC,Vice Chairman - Operations,1/9/18,C,Executive Director,BRK.B,1,Greg Abel
4080,344171,Greg Abel,BERKSHIRE HATHAWAY INC,Vice Chairman - Operations,1/9/18,C,Executive Director,BRYN,1,Greg Abel
4080,1113697,Ajit Jain,BERKSHIRE HATHAWAY INC,Vice Chairman - Operations,1/9/18,C,Executive Director,BRH,1,Ajit Jain
4080,1113697,Ajit Jain,BERKSHIRE HATHAWAY INC,Vice Chairman - Operations,1/9/18,C,Executive Director,BRK.A,1,Ajit Jain
4080,1113697,Ajit Jain,BERKSHIRE HATHAWAY INC,Vice Chairman - Operations,1/9/18,C,Executive Director,BRK.B,1,Ajit Jain
4080,1113697,Ajit Jain,BERKSHIRE HATHAWAY INC,Vice Chairman - Operations,1/9/18,C,Executive Director,BRYN,1,Ajit Jain
4118,801207,Hubert Joly,BEST BUY CO INC,Chairman (Executive),6/11/19,6/11/20,Executive Director,BBY,1,Hubert Joly
4118,801207,Hubert Joly,BEST BUY CO INC,Chairman (Executive),6/11/19,6/11/20,Executive Director,BUY,1,Hubert Joly
4118,1713009,Corie Barry,BEST BUY CO INC,CEO,6/11/19,C,Executive Director,BBY,1,Corie Barry
4118,1713009,Corie Barry,BEST BUY CO INC,CEO,6/11/19,C,Executive Director,BUY,1,Corie Barry
4311,181631,Norman Schwartz,BIO RAD LABORATORIES INC,Chairman/President/CEO,1/1/12,C,Executive Director,BIO,1,Norman Schwartz
4311,181631,Norman Schwartz,BIO RAD LABORATORIES INC,Chairman/President/CEO,1/1/12,C,Executive Director,BIO.B,1,Norman Schwartz
4504,35043,Brian Moynihan,BANK OF AMERICA CORP,Chair/President/CEO,10/1/14,C,Executive Director,BAC,1,Brian Moynihan
4504,35043,Brian Moynihan,BANK OF AMERICA CORP,Chair/President/CEO,10/1/14,C,Executive Director,NCB,1,Brian Moynihan
4584,140463,Larry Fink,BLACKROCK INC,Chairman/CEO,1/1/98,C,Executive Director,BLK,1,Larry Fink
4584,140463,Larry Fink,BLACKROCK INC,Chairman/CEO,1/1/98,C,Executive Director,BLQA,1,Larry Fink
4839,1195691,Frederic Lissalde,BORGWARNER INC,President/CEO,8/1/18,C,Executive Director,BGW,1,Frederic Lissalde
4839,1195691,Frederic Lissalde,BORGWARNER INC,President/CEO,8/1/18,C,Executive Director,BWA,1,Frederic Lissalde
4863,491901,Owen Thomas,BOSTON PROPERTIES INC,CEO,4/2/13,5/19/22,Executive Director,BXP,1,Owen Thomas
4865,879252,Mike Mahoney,BOSTON SCIENTIFIC CORP,Chairman/President/CEO,5/3/16,C,Executive Director,BSX,1,Mike Mahoney
5118,857412,Doctor Giovanni Caforio,BRISTOL-MYERS SQUIBB CO,Chairman/CEO,5/2/17,11/1/23,Executive Director,BMY,1,Doctor Giovanni Caforio
5118,857412,Doctor Giovanni Caforio,BRISTOL-MYERS SQUIBB CO,Chairman/CEO,5/2/17,11/1/23,Executive Director,BMYMP,1,Doctor Giovanni Caforio
5118,857412,Doctor Giovanni Caforio,BRISTOL-MYERS SQUIBB CO,Chairman/CEO,5/2/17,11/1/23,Executive Director,BRM,1,Doctor Giovanni Caforio
5210,1113025,Lawson Whiting,BROWN FORMAN CORP,President/CEO,3/28/19,C,Executive Director,BF.A,1,Lawson Whiting
5210,1113025,Lawson Whiting,BROWN FORMAN CORP,President/CEO,3/28/19,C,Executive Director,BF.B,1,Lawson Whiting
5320,500231,Greg Heckman,BUNGE GLOBAL SA (Bunge Ltd prior to 11/2023),CEO,4/25/19,C,Executive Director,,1,Greg Heckman
5320,500231,Greg Heckman,BUNGE GLOBAL SA (Bunge Ltd prior to 11/2023),CEO,4/25/19,C,Executive Director,BG,1,Greg Heckman
5465,202913,Dan Dinges,COTERRA ENERGY INC (Cabot Oil & Gas Corp prior to 10/2021),Chairman/President/CEO,5/2/02,10/1/21,Executive Director,CTRA,1,Dan Dinges
5480,182411,Lip-Bu Tan,CADENCE DESIGN SYSTEMS INC,CEO,11/16/17,12/15/21,Executive Director,CDNS,1,Lip-Bu Tan
5620,1122227,Mark Clouse,CAMPBELL SOUP CO,President/CEO,1/22/19,C,Executive Director,CPB,1,Mark Clouse
5620,1122227,Mark Clouse,CAMPBELL SOUP CO,President/CEO,1/22/19,C,Executive Director,CSC,1,Mark Clouse
5734,48786,Rich Fairbank,CAPITAL ONE FINANCIAL CORP,Chairman/CEO,4/24/03,C,Executive Director,CFX,1,Rich Fairbank
5734,48786,Rich Fairbank,CAPITAL ONE FINANCIAL CORP,Chairman/CEO,4/24/03,C,Executive Director,COF,1,Rich Fairbank
5811,517277,Mike Kaufmann,CARDINAL HEALTH INC,CEO,9/1/19,9/1/22,Executive Director,CAH,1,Mike Kaufmann
5811,517277,Mike Kaufmann,CARDINAL HEALTH INC,CEO,9/1/19,9/1/22,Executive Director,CLH,1,Mike Kaufmann
5867,27496,Micky Arison,CARNIVAL CORP,Chairman (Executive),7/3/13,C,Executive Director,CCL,1,Micky Arison
5867,35264,Arnold Donald,CARNIVAL CORP,President/CEO,7/3/13,1/1/22,Executive Director,CCL,1,Arnold Donald
6052,1079119,Jim Umpleby III,CATERPILLAR INC,Chairman/CEO,12/12/18,C,Executive Director,CAT,1,Jim Umpleby III
6052,1079119,Jim Umpleby III,CATERPILLAR INC,Chairman/CEO,12/12/18,C,Executive Director,CAT1,1,Jim Umpleby III
6052,1079119,Jim Umpleby III,CATERPILLAR INC,Chairman/CEO,12/12/18,C,Executive Director,CATR,1,Jim Umpleby III
6083,272769,Bob Sulentic,CBRE GROUP INC (CB Richard Ellis Group Inc prior to 10/2011),President/CEO,12/1/12,11/17/23,Executive Director,CBRE,1,Bob Sulentic
6098,23537,Bob Bakish,PARAMOUNT GLOBAL (Viacomcbs Inc prior to 02/2022),President/CEO,12/4/19,C,Executive Director,PARA,1,Bob Bakish
6098,23537,Bob Bakish,PARAMOUNT GLOBAL (Viacomcbs Inc prior to 02/2022),President/CEO,12/4/19,C,Executive Director,PARAA,1,Bob Bakish
6261,201946,Michael Neidorff,CENTENE CORP,Chairman/President/CEO,4/23/19,9/7/21,Executive Director,CNC,1,Michael Neidorff
6271,81927,Milton Carroll,CENTERPOINT ENERGY INC,Chairman (Executive),6/1/13,7/21/21,Executive Director,CNP,1,Milton Carroll
6353,730057,Jeff Storey,LUMEN TECHNOLOGIES INC (CenturyLink Inc prior to 09/2020),President/CEO,5/23/18,11/7/22,Executive Director,,1,Jeff Storey
6353,730057,Jeff Storey,LUMEN TECHNOLOGIES INC (CenturyLink Inc prior to 09/2020),President/CEO,5/23/18,11/7/22,Executive Director,CYT,1,Jeff Storey
6353,730057,Jeff Storey,LUMEN TECHNOLOGIES INC (CenturyLink Inc prior to 09/2020),President/CEO,5/23/18,11/7/22,Executive Director,LUMN,1,Jeff Storey
6375,1370253,D Shafer,CERNER CORP (De-listed 06/2022),Chairman/CEO,2/1/18,10/1/21,Executive Director,CERN,1,D Shafer
6375,1370253,D Shafer,CERNER CORP (De-listed 06/2022),Chairman/CEO,2/1/18,10/1/21,Executive Director,CRE,1,D Shafer
6382,516521,Gary Norcross,FIDELITY NATIONAL INFORMATION SERVICES INC (Certegy Inc prior to 02/2006),Chairman/President/CEO,5/30/18,3/9/21,Executive Director,FIS,1,Gary Norcross
6438,67247,John Wiehoff,CH ROBINSON WORLDWIDE INC,Chairman,5/9/19,5/7/20,Executive Director,CHRW,1,John Wiehoff
6438,1656763,Bob Biesterfeld Jr,CH ROBINSON WORLDWIDE INC,President/CEO,5/9/19,12/31/22,Executive Director,CHRW,1,Bob Biesterfeld Jr
6627,343163,Mike Wirth,CHEVRON CORP,Chairman/CEO,2/1/18,C,Executive Director,CHV,1,Mike Wirth
6627,343163,Mike Wirth,CHEVRON CORP,Chairman/CEO,2/1/18,C,Executive Director,CVX,1,Mike Wirth
6779,336620,Matthew Farrell,CHURCH & DWIGHT CO INC,Chairman/President/CEO,5/2/19,C,Executive Director,CHD,1,Matthew Farrell
6837,486024,David Cordani,THE CIGNA GROUP (Cigna Corp prior to 02/2023),President/CEO,12/25/09,1/1/22,Executive Director,CI,1,David Cordani
6863,270963,Steve Johnston,CINCINNATI FINANCIAL CORP,President/CEO,5/2/11,5/2/20,Executive Director,CINF,1,Steve Johnston
6877,38311,Scott Farmer,CINTAS CORP,Chairman/CEO,9/30/16,5/31/21,Executive Director,CIT,1,Scott Farmer
6877,38311,Scott Farmer,CINTAS CORP,Chairman/CEO,9/30/16,5/31/21,Executive Director,CTAS,1,Scott Farmer
6908,536628,Chuck Robbins,CISCO SYSTEMS INC,Chair/CEO,12/11/17,C,Executive Director,CIS,1,Chuck Robbins
6908,536628,Chuck Robbins,CISCO SYSTEMS INC,Chair/CEO,12/11/17,C,Executive Director,CSCO,1,Chuck Robbins
6930,604908,Mike Corbat,CITIGROUP INC,CEO,10/15/12,2/26/21,Executive Director,C,1,Mike Corbat
6930,604908,Mike Corbat,CITIGROUP INC,CEO,10/15/12,2/26/21,Executive Director,TRVC,1,Mike Corbat
6959,205153,David Henshall,CITRIX SYSTEMS INC (De-listed 09/2022),President/CEO,7/10/17,10/1/21,Executive Director,CTX,1,David Henshall
6959,205153,David Henshall,CITRIX SYSTEMS INC (De-listed 09/2022),President/CEO,7/10/17,10/1/21,Executive Director,CTXS,1,David Henshall
7089,750963,Benno Dorer,CLOROX COMPANY (THE),Chairman/CEO,8/15/16,9/14/20,Executive Director,CLX,1,Benno Dorer
7089,750963,Benno Dorer,CLOROX COMPANY (THE),Chairman/CEO,8/15/16,9/14/20,Executive Director,CXX,1,Benno Dorer
7147,1094129,Patti Poppe,CMS ENERGY CORP,President/CEO,7/1/16,12/1/20,Executive Director,CMS,1,Patti Poppe
7147,1094129,Patti Poppe,CMS ENERGY CORP,President/CEO,7/1/16,12/1/20,Executive Director,CSG,1,Patti Poppe
7173,271683,Jide Zeitlin,TAPESTRY INC (Coach Inc prior to 10/2017),Chairman/CEO,9/4/19,7/20/20,Executive Director,TPR,1,Jide Zeitlin
7204,877797,James Quincey,COCA-COLA CO,Chairman/CEO,4/24/19,C,Executive Director,KO,1,James Quincey
7256,515842,Brian Humphries,COGNIZANT TECHNOLOGY SOLUTIONS CORP,CEO,4/1/19,1/12/23,Executive Director,CTSH,1,Brian Humphries
7387,35803,Brian Roberts,COMCAST CORP (AT&T Comcast Corp prior to 11/2002),Chairman/President/CEO,5/25/04,10/11/22,Executive Director,CCZ,1,Brian Roberts
7387,35803,Brian Roberts,COMCAST CORP (AT&T Comcast Corp prior to 11/2002),Chairman/President/CEO,5/25/04,10/11/22,Executive Director,CMCSA,1,Brian Roberts
7584,205612,Mike Salvino,DXC TECHNOLOGY CO (Computer Sciences Corp prior to 04/2017),President/CEO,9/12/19,7/26/22,Executive Director,DXC,1,Mike Salvino
7619,837621,Sean Connolly,CONAGRA BRANDS INC (Conagra Foods Inc prior to 11/2016),President/CEO,4/6/15,C,Executive Director,CAG,1,Sean Connolly
7619,837621,Sean Connolly,CONAGRA BRANDS INC (Conagra Foods Inc prior to 11/2016),President/CEO,4/6/15,C,Executive Director,CAO,1,Sean Connolly
7705,1074910,John McAvoy,CONSOLIDATED EDISON INC,Chairman/President/CEO,5/12/14,12/29/20,Executive Director,ED,1,John McAvoy
7705,1074910,John McAvoy,CONSOLIDATED EDISON INC,Chairman/President/CEO,5/12/14,12/29/20,Executive Director,EDC,1,John McAvoy
7753,82517,Doctor Richard Sands,CONSTELLATION BRANDS INC,Vice Chairman (Executive),3/1/19,1/1/22,Executive Director,STZ,1,Doctor Richard Sands
7753,82517,Doctor Richard Sands,CONSTELLATION BRANDS INC,Vice Chairman (Executive),3/1/19,1/1/22,Executive Director,STZ.B,1,Doctor Richard Sands
7753,82522,Rob Sands,CONSTELLATION BRANDS INC,Chairman (Executive),3/1/19,1/1/22,Executive Director,STZ,1,Rob Sands
7753,82522,Rob Sands,CONSTELLATION BRANDS INC,Chairman (Executive),3/1/19,1/1/22,Executive Director,STZ.B,1,Rob Sands
7753,1130665,Bill Newlands Jr,CONSTELLATION BRANDS INC,President/CEO,3/1/19,C,Executive Director,STZ,1,Bill Newlands Jr
7753,1130665,Bill Newlands Jr,CONSTELLATION BRANDS INC,President/CEO,3/1/19,C,Executive Director,STZ.B,1,Bill Newlands Jr
7836,517326,Al White III,COOPER COMPANIES INC,President/CEO,5/1/18,C,Executive Director,COO,1,Al White III
7847,1202080,Gavin Hattersley,MOLSON COORS BEVERAGE CO (Molson Coors Brewing Co prior to 01/2020),President/CEO,9/28/19,C,Executive Director,TAP,1,Gavin Hattersley
7847,1202080,Gavin Hattersley,MOLSON COORS BEVERAGE CO (Molson Coors Brewing Co prior to 01/2020),President/CEO,9/28/19,C,Executive Director,TAP.A,1,Gavin Hattersley
7852,183351,Jay Adair,COPART INC,CEO,2/12/10,4/1/22,Executive Director,CPRT,1,Jay Adair
7852,183354,Willis Johnson,COPART INC,Chairman (Executive),2/12/10,C,Executive Director,CPRT,1,Willis Johnson
8021,201870,Andy Florance,COSTAR GROUP INC,President/CEO,1/1/95,C,Executive Director,CSGP,1,Andy Florance
8022,43701,W Jelinek,COSTCO WHOLESALE CORP,President/CEO,1/1/12,2/2/22,Executive Director,COST,1,W Jelinek
8022,43701,W Jelinek,COSTCO WHOLESALE CORP,President/CEO,1/1/12,2/2/22,Executive Director,CTO,1,W Jelinek
8304,620002,Jay Brown,CROWN CASTLE INC (Crown Castle International Corp prior to 08/2022),President/CEO,6/1/16,1/16/24,Executive Director,CCI,1,Jay Brown
8383,331094,Jim Foote,CSX CORP,President/CEO,12/22/17,9/26/22,Executive Director,CSX,1,Jim Foote
8383,331094,Jim Foote,CSX CORP,President/CEO,12/22/17,9/26/22,Executive Director,CXR,1,Jim Foote
8426,203776,Tom Linebarger,CUMMINS INC,Chairman/CEO,1/1/12,8/1/22,Executive Director,CMI,1,Tom Linebarger
8426,203776,Tom Linebarger,CUMMINS INC,Chairman/CEO,1/1/12,8/1/22,Executive Director,CUM,1,Tom Linebarger
8468,45626,Larry Merlo,CVS HEALTH CORP (CVS Caremark Corp prior to 09/2014),President/CEO,3/1/11,2/1/21,Executive Director,CVS,1,Larry Merlo
8663,36902,Steven Rales,DANAHER CORP,Chairman (Executive),2/1/90,C,Executive Director,DAP,1,Steven Rales
8663,36902,Steven Rales,DANAHER CORP,Chairman (Executive),2/1/90,C,Executive Director,DHR,1,Steven Rales
8663,490718,Tom Joyce Jr,DANAHER CORP,President/CEO,9/9/14,9/1/20,Executive Director,DAP,1,Tom Joyce Jr
8663,490718,Tom Joyce Jr,DANAHER CORP,President/CEO,9/9/14,9/1/20,Executive Director,DHR,1,Tom Joyce Jr
8697,200799,Gene Lee Jr,DARDEN RESTAURANTS INC,President/CEO,2/22/15,1/4/21,Executive Director,DRI,1,Gene Lee Jr
8783,71242,Kent Thiry,DAVITA INC (DaVita HealthCare Partners Inc prior to 09/2016),Chairman (Executive),6/1/19,6/1/20,Executive Director,DVA,1,Kent Thiry
8783,655130,Javier Rodriguez,DAVITA INC (DaVita HealthCare Partners Inc prior to 09/2016),CEO,6/1/19,C,Executive Director,DVA,1,Javier Rodriguez
8886,1070838,John May,DEERE & CO,President/CEO,11/4/19,5/1/20,Executive Director,DCO,1,John May
8886,1070838,John May,DEERE & CO,President/CEO,11/4/19,5/1/20,Executive Director,DE,1,John May
8946,333894,Ed Bastian,DELTA AIR LINES INC,CEO,5/2/16,C,Executive Director,DAL,1,Ed Bastian
9023,590656,Don Casey Jr,DENTSPLY SIRONA INC (DENTSPLY International Inc prior to 02/2016),CEO,2/12/18,4/19/22,Executive Director,XRAY,1,Don Casey Jr
9103,62347,Dave Hager,DEVON ENERGY CORP,President/CEO,6/8/16,1/7/21,Executive Director,DVN,1,Dave Hager
9103,62347,Dave Hager,DEVON ENERGY CORP,President/CEO,6/8/16,1/7/21,Executive Director,DY6,1,Dave Hager
9474,106603,Bob Sasser,DOLLAR TREE INC,Chairman (Executive),9/18/17,3/16/22,Executive Director,DLTR,1,Bob Sasser
9474,106603,Bob Sasser,DOLLAR TREE INC,Chairman (Executive),9/18/17,3/16/22,Executive Director,DT3,1,Bob Sasser
9474,452406,Gary Philbin,DOLLAR TREE INC,CEO,12/9/19,7/20/20,Executive Director,DLTR,1,Gary Philbin
9474,452406,Gary Philbin,DOLLAR TREE INC,CEO,12/9/19,7/20/20,Executive Director,DT3,1,Gary Philbin
9491,36934,Tom Farrell II,DOMINION ENERGY INC (Dominion Resources Inc (Virginia) prior to 05/2017),Chairman/President/CEO,4/27/07,10/1/20,Executive Director,D,1,Tom Farrell II
9491,36934,Tom Farrell II,DOMINION ENERGY INC (Dominion Resources Inc (Virginia) prior to 05/2017),Chairman/President/CEO,4/27/07,10/1/20,Executive Director,DOD,1,Tom Farrell II
9555,480780,Rich Tobin,DOVER CORP,President/CEO,5/1/18,2/10/24,Executive Director,DOV,1,Rich Tobin
9582,65517,Donald Horton,DR HORTON INC,Chairman (Executive),11/1/98,10/1/23,Executive Director,DHI,1,Donald Horton
9693,204995,Gerry Anderson,DTE ENERGY CO,Chairman (Executive),7/1/19,5/5/22,Executive Director,DGY,1,Gerry Anderson
9693,204995,Gerry Anderson,DTE ENERGY CO,Chairman (Executive),7/1/19,5/5/22,Executive Director,DTE,1,Gerry Anderson
9693,534436,Jerry Norcia,DTE ENERGY CO,President/CEO,7/1/19,5/5/22,Executive Director,DGY,1,Jerry Norcia
9693,534436,Jerry Norcia,DTE ENERGY CO,President/CEO,7/1/19,5/5/22,Executive Director,DTE,1,Jerry Norcia
9730,333005,Jim Connor,DUKE REALTY CORP (De-listed 10/2022),Chairman/CEO,4/26/17,10/3/22,Executive Director,DRE,1,Jim Connor
9940,534777,Mark Costa,EASTMAN CHEMICAL CO,Chair/CEO,6/30/14,C,Executive Director,EAC,1,Mark Costa
9940,534777,Mark Costa,EASTMAN CHEMICAL CO,Chair/CEO,6/30/14,C,Executive Director,EMN,1,Mark Costa
10024,43416,Charlie Ergen,DISH NETWORK CORP (Echostar Communications Corp prior to 01/2008) (De-listed 12/2023),Chairman (Executive),12/5/17,12/29/23,Executive Director,DISH,1,Charlie Ergen
10024,43416,Charlie Ergen,DISH NETWORK CORP (Echostar Communications Corp prior to 01/2008) (De-listed 12/2023),Chairman (Executive),12/5/17,12/29/23,Executive Director,EOT,1,Charlie Ergen
10036,51882,Doug Baker Jr,ECOLAB INC,Chairman/CEO,12/2/11,1/1/21,Executive Director,ECJ,1,Doug Baker Jr
10036,51882,Doug Baker Jr,ECOLAB INC,Chairman/CEO,12/2/11,1/1/21,Executive Director,ECL,1,Doug Baker Jr
10130,791001,Pedro Pizarro,EDISON INTERNATIONAL,President/CEO,9/30/16,C,Executive Director,EIX,1,Pedro Pizarro
10156,90062,Mike Mussallem,EDWARDS LIFESCIENCES CORP,Chairman/CEO,3/31/00,5/11/23,Executive Director,EW,1,Mike Mussallem
10156,90062,Mike Mussallem,EDWARDS LIFESCIENCES CORP,Chairman/CEO,3/31/00,5/11/23,Executive Director,EWL,1,Mike Mussallem
10364,1207036,Andrew Wilson,ELECTRONIC ARTS INC,CEO,9/17/13,8/12/21,Executive Director,EA,1,Andrew Wilson
10364,1207036,Andrew Wilson,ELECTRONIC ARTS INC,CEO,9/17/13,8/12/21,Executive Director,ERT,1,Andrew Wilson
10535,35223,David Farr,EMERSON ELECTRIC CO,Chairman/CEO,10/5/10,2/5/21,Executive Director,EMR,1,David Farr
10750,204855,Leo Denault,ENTERGY CORP,Chairman/CEO,2/1/13,11/1/22,Executive Director,ETR,1,Leo Denault
10750,204855,Leo Denault,ENTERGY CORP,Chairman/CEO,2/1/13,11/1/22,Executive Director,ETY,1,Leo Denault
10844,534761,Bill Thomas,EOG RESOURCES INC (Enron Oil & Gas Co prior to 09/1999),Chairman/CEO,1/1/14,9/30/21,Executive Director,EO5,1,Bill Thomas
10844,534761,Bill Thomas,EOG RESOURCES INC (Enron Oil & Gas Co prior to 09/1999),Chairman/CEO,1/1/14,9/30/21,Executive Director,EOG,1,Bill Thomas
10896,202312,Mark Begor,EQUIFAX INC,CEO,4/16/18,C,Executive Director,EFX,1,Mark Begor
10899,202552,Peter Van Camp,EQUINIX INC,Chairman (Executive),9/12/18,C,Executive Director,EQIX,1,Peter Van Camp
10899,1089745,Charles Meyers,EQUINIX INC,President/CEO,9/12/18,C,Executive Director,EQIX,1,Charles Meyers
10928,552575,Mark Parrell,EQUITY RESIDENTIAL (Equity Residential Properties Trust prior to 10/2002),President/CEO,12/31/18,C,Executive Director,EQR,1,Mark Parrell
11060,182075,Mike Schall,ESSEX PROPERTY TRUST INC (Essex Property Corp prior to 06/1994),President/CEO,1/1/11,3/31/23,Executive Director,ESS,1,Mike Schall
11060,182075,Mike Schall,ESSEX PROPERTY TRUST INC (Essex Property Corp prior to 06/1994),President/CEO,1/1/11,3/31/23,Executive Director,EXP,1,Mike Schall
11074,51266,William Lauder,ESTEE LAUDER COS INC,Chairman (Executive),7/1/09,C,Executive Director,EL,1,William Lauder
11074,51266,William Lauder,ESTEE LAUDER COS INC,Chairman (Executive),7/1/09,C,Executive Director,ELAA,1,William Lauder
11074,51286,Leonard Lauder,ESTEE LAUDER COS INC,Chairman Emeritus,7/1/09,11/17/23,Executive Director,EL,1,Leonard Lauder
11074,51286,Leonard Lauder,ESTEE LAUDER COS INC,Chairman Emeritus,7/1/09,11/17/23,Executive Director,ELAA,1,Leonard Lauder
11074,51301,The Hon. Ronald Lauder,ESTEE LAUDER COS INC,Division Chairman,11/11/16,C,Executive Director,EL,1,The Hon. Ronald Lauder
11074,51301,The Hon. Ronald Lauder,ESTEE LAUDER COS INC,Division Chairman,11/11/16,C,Executive Director,ELAA,1,The Hon. Ronald Lauder
11074,590109,Fabrizio Freda,ESTEE LAUDER COS INC,President/CEO,7/1/09,C,Executive Director,EL,1,Fabrizio Freda
11074,590109,Fabrizio Freda,ESTEE LAUDER COS INC,President/CEO,7/1/09,C,Executive Director,ELAA,1,Fabrizio Freda
11376,534954,Chris Crane,EXELON CORP,President/CEO,3/12/12,10/17/22,Executive Director,EXC,1,Chris Crane
11376,534954,Chris Crane,EXELON CORP,President/CEO,3/12/12,10/17/22,Executive Director,PEO,1,Chris Crane
11401,452655,Jeff Musser,EXPEDITORS INTERNATIONAL OF WASHINGTON INC,President/CEO,3/1/14,C,Executive Director,EW1,1,Jeff Musser
11401,452655,Jeff Musser,EXPEDITORS INTERNATIONAL OF WASHINGTON INC,President/CEO,3/1/14,C,Executive Director,EXPD,1,Jeff Musser
11430,1253894,Darren Woods,EXXON MOBIL CORP,Chairman/CEO,1/1/17,C,Executive Director,XOM,1,Darren Woods
11430,1253894,Darren Woods,EXXON MOBIL CORP,Chairman/CEO,1/1/17,C,Executive Director,XONA,1,Darren Woods
11468,601275,Francois Locoh-Donou,F5 INC (F5 Networks Inc prior to 11/2021),President/CEO,4/3/17,C,Executive Director,FFIV,1,Francois Locoh-Donou
11468,601275,Francois Locoh-Donou,F5 INC (F5 Networks Inc prior to 11/2021),President/CEO,4/3/17,C,Executive Director,FFV,1,Francois Locoh-Donou
11608,70422,Dan Florness,FASTENAL CO,President/CEO,1/1/16,C,Executive Director,FAST,1,Dan Florness
11649,332472,Don Wood,FEDERAL REALTY INVESTMENT TRUST,President/CEO,1/1/03,3/11/21,Executive Director,FRT,1,Don Wood
11664,43076,Fred Smith,FEDEX CORP,Chairman/CEO,2/1/17,5/31/22,Executive Director,FDX,1,Fred Smith
11964,621318,Chuck Jones Jr,FIRSTENERGY CORP,President/CEO,1/1/15,5/24/20,Executive Director,FE,1,Chuck Jones Jr
12112,1301933,Jim Cannon,FLIR SYSTEMS INC (De-listed 05/2021),President/CEO,6/19/17,5/14/21,Executive Director,FLIR,1,Jim Cannon
12153,1304182,Robert Rowe,FLOWSERVE CORP,President/CEO,4/1/17,C,Executive Director,FLS,1,Robert Rowe
12164,51661,Doctor Pierre Brondeau,FMC CORP,Chairman/CEO,6/1/18,5/31/20,Executive Director,FMC,1,Doctor Pierre Brondeau
12164,51661,Doctor Pierre Brondeau,FMC CORP,Chairman/CEO,6/1/18,5/31/20,Executive Director,FMQ,1,Doctor Pierre Brondeau
12262,23366,Bill Ford Jr,FORD MOTOR CO,Chairman (Executive),9/1/06,C,Executive Director,F,1,Bill Ford Jr
12262,23366,Bill Ford Jr,FORD MOTOR CO,Chairman (Executive),9/1/06,C,Executive Director,FMC1,1,Bill Ford Jr
12262,34156,Jim Hackett,FORD MOTOR CO,President/CEO,5/22/17,10/1/20,Executive Director,F,1,Jim Hackett
12262,34156,Jim Hackett,FORD MOTOR CO,President/CEO,5/22/17,10/1/20,Executive Director,FMC1,1,Jim Hackett
12407,39031,Jim Robo,NEXTERA ENERGY INC (FPL Group Inc prior to 05/2010),Chairman/President/CEO,12/13/13,3/1/22,Executive Director,FP3,1,Jim Robo
12407,39031,Jim Robo,NEXTERA ENERGY INC (FPL Group Inc prior to 05/2010),Chairman/President/CEO,12/13/13,3/1/22,Executive Director,NEE,1,Jim Robo
12463,36572,Rupert Johnson Jr,FRANKLIN RESOURCES INC,Vice Chairman,12/1/99,C,Executive Director,BEN,1,Rupert Johnson Jr
12463,36572,Rupert Johnson Jr,FRANKLIN RESOURCES INC,Vice Chairman,12/1/99,C,Executive Director,FRK,1,Rupert Johnson Jr
12493,206065,Richard Adkerson,FREEPORT-MCMORAN INC (Freeport-McMoRan Copper & Gold Inc prior to 07/2014),Vice Chairman/President/CEO,5/31/13,2/2/21,Executive Director,FCX,1,Richard Adkerson
12761,81627,Pat Gallagher Jr,ARTHUR J GALLAGHER & CO,Chairman/President/CEO,10/19/06,1/1/24,Executive Director,AJG,1,Pat Gallagher Jr
12862,35090,Gene Hall,GARTNER INC (Gartner Group Inc prior to 08/2001),CEO,8/3/04,C,Executive Director,IT,1,Gene Hall
12984,45561,Phebe Novakovic,GENERAL DYNAMICS CORP,Chairman/CEO,1/1/13,C,Executive Director,GD,1,Phebe Novakovic
12986,36907,Larry Culp Jr,GENERAL ELECTRIC CO,Chairman/CEO,9/30/18,C,Executive Director,,1,Larry Culp Jr
12986,36907,Larry Culp Jr,GENERAL ELECTRIC CO,Chairman/CEO,9/30/18,C,Executive Director,GE,1,Larry Culp Jr
12986,36907,Larry Culp Jr,GENERAL ELECTRIC CO,Chairman/CEO,9/30/18,C,Executive Director,GEC,1,Larry Culp Jr
12986,36907,Larry Culp Jr,GENERAL ELECTRIC CO,Chairman/CEO,9/30/18,C,Executive Director,GNE,1,Larry Culp Jr
13034,988199,Jeff Harmening,GENERAL MILLS INC,Chairman/CEO,1/1/18,C,Executive Director,GIS,1,Jeff Harmening
13110,547628,Paul Donahue,GENUINE PARTS CO,Chairman/CEO,4/22/19,C,Executive Director,GPC,1,Paul Donahue
13273,1015485,Daniel O'Day,GILEAD SCIENCES INC,Chairman/CEO,3/1/19,C,Executive Director,GILD,1,Daniel O'Day
13273,1015485,Daniel O'Day,GILEAD SCIENCES INC,Chairman/CEO,3/1/19,C,Executive Director,GIS,1,Daniel O'Day
13417,1076347,Jeff Sloan,GLOBAL PAYMENTS INC,CEO,6/30/14,6/1/23,Executive Director,GPN,1,Jeff Sloan
13564,795984,David Solomon,GOLDMAN SACHS GROUP INC,Chairman/CEO,1/1/19,C,Executive Director,GS,1,David Solomon
13725,881638,DG Macpherson,WW GRAINGER INC,Chairman/CEO,10/1/17,C,Executive Director,GWW,1,DG Macpherson
14212,1269010,Jeff Miller,HALLIBURTON CO,Chairman/President/CEO,1/1/19,C,Executive Director,HAL,1,Jeff Miller
14301,343707,Rodney Sacks,MONSTER BEVERAGE CORP (Hansen Natural Corp prior to 12/2011),Chairman/CEO,7/1/96,1/13/21,Executive Director,MNST,1,Rodney Sacks
14301,343710,Hilton Schlosberg,MONSTER BEVERAGE CORP (Hansen Natural Corp prior to 12/2011),Vice Chairman/President/CFO/COO/Secretary,7/1/96,1/13/21,Executive Director,MNST,1,Hilton Schlosberg
14355,34826,Chris Kubasik,L3HARRIS TECHNOLOGIES INC (Harris Corp prior to 07/2019),Vice Chairman/President/COO,6/29/19,6/29/21,Executive Director,LHX,1,Chris Kubasik
14355,484620,Bill Brown,L3HARRIS TECHNOLOGIES INC (Harris Corp prior to 07/2019),Chairman (Executive)/CEO,6/29/19,6/29/21,Executive Director,LHX,1,Bill Brown
14372,1073631,Chris Swift,HARTFORD FINANCIAL SERVICES GROUP INC,Chairman/CEO,1/5/15,C,Executive Director,HIG,1,Chris Swift
14399,205487,Brian Goldner,HASBRO INC,Chairman/CEO,2/6/17,10/12/21,Executive Director,HAS,1,Brian Goldner
14484,183802,Tom DeRosa,WELLTOWER INC (Health Care REIT Inc prior to 09/2015),Chairman/CEO,5/2/19,10/5/20,Executive Director,WELL,1,Tom DeRosa
14668,836736,Dave Foss,JACK HENRY & ASSOCIATES INC,President/CEO,7/1/17,7/1/21,Executive Director,JKHY,1,Dave Foss
14669,85377,Stan Bergman,HENRY SCHEIN INC,Chairman/CEO,5/18/05,C,Executive Director,HS2,1,Stan Bergman
14669,85377,Stan Bergman,HENRY SCHEIN INC,Chairman/CEO,5/18/05,C,Executive Director,HSIC,1,Stan Bergman
14669,85387,Jim Breslawski,HENRY SCHEIN INC,Vice Chairman/President,5/1/18,C,Executive Director,HS2,1,Jim Breslawski
14669,85387,Jim Breslawski,HENRY SCHEIN INC,Vice Chairman/President,5/1/18,C,Executive Director,HSIC,1,Jim Breslawski
14714,485170,Michele Buck,HERSHEY CO (THE),Chairman/President/CEO,10/11/19,C,Executive Director,HSY,1,Michele Buck
14722,607415,Enrique Lores,HP INC (Hewlett-Packard Co prior to 11/2015),President/CEO,11/1/19,C,Executive Director,HPQ,1,Enrique Lores
14812,85077,Gregory Dillon,HILTON HOTELS CORP (De-listed 10/2007),Vice Chairman,1/1/96,N,Executive Director,HLT,1,Gregory Dillon
14967,41481,Steve MacMillan,HOLOGIC INC,Chairman/President/CEO,6/16/15,C,Executive Director,HOLX,1,Steve MacMillan
14982,536170,Craig Menear,HOME DEPOT INC,Chairman/President/CEO,2/2/15,10/5/20,Executive Director,HD,1,Craig Menear
15029,1205682,Darius Adamczyk,HONEYWELL INTERNATIONAL INC (AlliedSignal Inc prior to 01/2000),Chairman/CEO,4/23/18,6/1/23,Executive Director,ALD,1,Darius Adamczyk
15029,1205682,Darius Adamczyk,HONEYWELL INTERNATIONAL INC (AlliedSignal Inc prior to 01/2000),Chairman/CEO,4/23/18,6/1/23,Executive Director,HON,1,Darius Adamczyk
15070,806078,Jim Snee,HORMEL FOODS CORP,Chairman/President/CEO,11/20/17,C,Executive Director,HRL,1,Jim Snee
15093,38651,Dick Marriott,HOST HOTELS & RESORTS INC,Chairman,12/29/98,C,Executive Director,HMT,1,Dick Marriott
15093,38651,Dick Marriott,HOST HOTELS & RESORTS INC,Chairman,12/29/98,C,Executive Director,HST,1,Dick Marriott
15093,205949,Jim Risoleo,HOST HOTELS & RESORTS INC,President/CEO,1/1/17,C,Executive Director,HMT,1,Jim Risoleo
15093,205949,Jim Risoleo,HOST HOTELS & RESORTS INC,President/CEO,1/1/17,C,Executive Director,HST,1,Jim Risoleo
15207,272234,Bruce Broussard,HUMANA INC,President/CEO,1/1/13,1/8/24,Executive Director,HUM,1,Bruce Broussard
15223,141642,James Thompson,HUNT(J.B.)TRANSPORT SERVICES INC,Chairman,1/1/11,1/1/21,Executive Director,JBHT,1,James Thompson
15223,497950,John Roberts III,HUNT(J.B.)TRANSPORT SERVICES INC,President/CEO,1/1/11,8/1/22,Executive Director,JBHT,1,John Roberts III
15235,200105,Steve Steinour,HUNTINGTON BANCSHARES INC,Chairman/President/CEO,1/14/09,C,Executive Director,HBAN,1,Steve Steinour
15235,200105,Steve Steinour,HUNTINGTON BANCSHARES INC,Chairman/President/CEO,1/14/09,C,Executive Director,HU3,1,Steve Steinour
15486,1254756,Jonathan Mazelsky,IDEXX LABORATORIES INC,President/CEO,10/23/19,C,Executive Director,IDXX,1,Jonathan Mazelsky
15580,534201,Ernest Santi,ILLINOIS TOOL WORKS INC (ITW),Chairman/CEO,5/8/15,1/1/24,Executive Director,ILT,1,Ernest Santi
15580,534201,Ernest Santi,ILLINOIS TOOL WORKS INC (ITW),Chairman/CEO,5/8/15,1/1/24,Executive Director,ITW,1,Ernest Santi
15581,647025,Francis DeSouza,ILLUMINA INC,President/CEO,7/5/16,6/11/23,Executive Director,ILMN,1,Francis DeSouza
15783,1249099,Hervé Hoppenot,INCYTE CORP (Incyte Genomics prior to 03/2003),Chairman/President/CEO,5/22/15,6/5/23,Executive Director,INCY,1,Hervé Hoppenot
16041,336406,Mike Lamach,TRANE TECHNOLOGIES PLC (Ingersoll-Rand PLC prior to 03/2020),Chairman/CEO,6/4/10,7/1/21,Executive Director,IR,1,Mike Lamach
16041,336406,Mike Lamach,TRANE TECHNOLOGIES PLC (Ingersoll-Rand PLC prior to 03/2020),Chairman/CEO,6/4/10,7/1/21,Executive Director,TT,1,Mike Lamach
16239,48076,Bob Swan,INTEL CORP,CEO,1/30/19,2/15/21,Executive Director,INL,1,Bob Swan
16239,48076,Bob Swan,INTEL CORP,CEO,1/30/19,2/15/21,Executive Director,INTC,1,Bob Swan
16427,48701,Michael Roth,INTERPUBLIC GROUP OF COMPANIES INC,Chairman/CEO,1/19/05,1/1/21,Executive Director,IPG,1,Michael Roth
16530,548131,Andreas Fibig,INTERNATIONAL FLAVORS & FRAGRANCES INC,Chairman/CEO,12/1/14,2/14/22,Executive Director,IFF,1,Andreas Fibig
16569,621903,Mark Sutton,INTERNATIONAL PAPER CO,Chairman/CEO,1/1/15,C,Executive Director,INP,1,Mark Sutton
16569,621903,Mark Sutton,INTERNATIONAL PAPER CO,Chairman/CEO,1/1/15,C,Executive Director,INPAP,1,Mark Sutton
16569,621903,Mark Sutton,INTERNATIONAL PAPER CO,Chairman/CEO,1/1/15,C,Executive Director,IP,1,Mark Sutton
16626,444827,Brad Smith,INTUIT INC,Chairman (Executive),1/1/19,1/1/22,Executive Director,INTU,1,Brad Smith
16626,556870,Sasan Goodarzi,INTUIT INC,President/CEO,1/1/19,2/1/24,Executive Director,INTU,1,Sasan Goodarzi
16627,324511,Doctor Gary Guthart,INTUITIVE SURGICAL INC,President/CEO,1/1/10,5/16/23,Executive Director,ISRG,1,Doctor Gary Guthart
16949,552050,Doctor Valentin Gapontsev,IPG PHOTONICS CORP,Chairman/CEO,1/1/98,5/4/21,Executive Director,IPGP,1,Doctor Valentin Gapontsev
17012,1188382,Bill Meaney,IRON MOUNTAIN INC,President/CEO,1/7/13,C,Executive Director,IRM,1,Bill Meaney
17251,349932,Steve Demetriou,JACOBS SOLUTIONS INC (Jacobs Engineering Group Inc prior to 08/2022),Chairman/CEO,7/28/16,1/24/23,Executive Director,J,1,Steve Demetriou
17478,747756,Alex Gorsky,JOHNSON & JOHNSON,Chairman/CEO,12/28/12,1/3/22,Executive Director,JNJ,1,Alex Gorsky
17528,33908,Jamie Dimon,JPMORGAN CHASE & CO,Chairman/CEO,1/30/18,C,Executive Director,CMC,1,Jamie Dimon
17528,33908,Jamie Dimon,JPMORGAN CHASE & CO,Chairman/CEO,1/30/18,C,Executive Director,JPM,1,Jamie Dimon
17580,1275216,Rami Rahim,JUNIPER NETWORKS INC,CEO,11/10/14,C,Executive Director,JNP,1,Rami Rahim
17580,1275216,Rami Rahim,JUNIPER NETWORKS INC,CEO,11/10/14,C,Executive Director,JNPR,1,Rami Rahim
17690,489655,Pat Ottensmeyer,KANSAS CITY SOUTHERN (De-listed 12/2021),President/CEO,7/1/16,12/14/21,Executive Director,KCY,1,Pat Ottensmeyer
17690,489655,Pat Ottensmeyer,KANSAS CITY SOUTHERN (De-listed 12/2021),President/CEO,7/1/16,12/14/21,Executive Director,KSU,1,Pat Ottensmeyer
17690,489655,Pat Ottensmeyer,KANSAS CITY SOUTHERN (De-listed 12/2021),President/CEO,7/1/16,12/14/21,Executive Director,KSU.PR,1,Pat Ottensmeyer
17777,455061,Steve Cahillane,KELLANOVA CO (Kellogg Co prior to 10/2023),Chairman/President/CEO,3/16/18,C,Executive Director,K,1,Steve Cahillane
17862,50551,Beth Mooney,KEYCORP,Chairman/President/CEO,5/1/11,5/1/20,Executive Director,KEY,1,Beth Mooney
17915,142173,Milton Cooper,KIMCO REALTY CORP,Chairman (Executive),12/31/09,C,Executive Director,KIM,1,Milton Cooper
17915,888666,Conor Flynn,KIMCO REALTY CORP,CEO,2/27/17,C,Executive Director,KIM,1,Conor Flynn
17958,889546,J Rollinson,KINROSS GOLD CORP,President/CEO,10/1/14,C,Executive Director,K,1,J Rollinson
17984,51071,Rick Wallace,KLA CORP (KLA Tencor Corp prior to 07/2019),President/CEO,11/13/08,C,Executive Director,KLA,1,Rick Wallace
17984,51071,Rick Wallace,KLA CORP (KLA Tencor Corp prior to 07/2019),President/CEO,11/13/08,C,Executive Director,KLAC,1,Rick Wallace
18164,640369,Doctor Dirk van de Put,MONDELEZ INTERNATIONAL INC,Chairman/CEO,4/1/18,C,Executive Director,MDLZ,1,Doctor Dirk van de Put
18195,35937,William McMullen,KROGER CO,Chairman/CEO,1/1/15,C,Executive Director,KR,1,William McMullen
18319,205961,Dave King,LABORATORY CORP OF AMERICA HLDGS (LABCORP),Chairman (Executive),10/31/19,5/13/20,Executive Director,LH,1,Dave King
18319,495421,Adam Schechter,LABORATORY CORP OF AMERICA HLDGS (LABCORP),President/CEO,11/1/19,5/13/20,Executive Director,LH,1,Adam Schechter
18384,487342,Tim Archer,LAM RESEARCH CORP,President/CEO,12/5/18,C,Executive Director,LAR,1,Tim Archer
18384,487342,Tim Archer,LAM RESEARCH CORP,President/CEO,12/5/18,C,Executive Director,LRCX,1,Tim Archer
18703,61812,Stuart Miller,LENNAR CORP,Chairman (Executive),4/11/18,9/1/23,Executive Director,LEN,1,Stuart Miller
18703,61812,Stuart Miller,LENNAR CORP,Chairman (Executive),4/11/18,9/1/23,Executive Director,LEN.B,1,Stuart Miller
18703,67887,Rick Beckwitt,LENNAR CORP,CEO,4/11/18,11/2/20,Executive Director,LEN,1,Rick Beckwitt
18703,67887,Rick Beckwitt,LENNAR CORP,CEO,4/11/18,11/2/20,Executive Director,LEN.B,1,Rick Beckwitt
18888,1068880,Dave Ricks,ELI LILLY & CO,Chair/President/CEO,6/1/17,C,Executive Director,LLY,1,Dave Ricks
18892,53436,Leslie Wexner,BATH & BODY WORKS INC (L Brands Inc prior to 08/2021),Chairman/CEO,1/1/02,5/14/20,Executive Director,BBWI,1,Leslie Wexner
18908,54612,Dennis Glass,LINCOLN NATIONAL CORP,President/CEO,7/6/07,5/27/22,Executive Director,LNC,1,Dennis Glass
19048,202548,Marillyn Hewson,LOCKHEED MARTIN CORP,Chairman/President/CEO,1/1/14,6/15/20,Executive Director,LMT,1,Marillyn Hewson
19048,202548,Marillyn Hewson,LOCKHEED MARTIN CORP,Chairman/President/CEO,1/1/14,6/15/20,Executive Director,LOM,1,Marillyn Hewson
19065,11269,Andrew Tisch,LOEWS CORP,Co-Chairman,1/10/06,12/31/21,Executive Director,L,1,Andrew Tisch
19065,11269,Andrew Tisch,LOEWS CORP,Co-Chairman,1/10/06,12/31/21,Executive Director,LTR,1,Andrew Tisch
19065,36800,Jim Tisch,LOEWS CORP,President/CEO,1/1/99,C,Executive Director,L,1,Jim Tisch
19065,36800,Jim Tisch,LOEWS CORP,President/CEO,1/1/99,C,Executive Director,LTR,1,Jim Tisch
19065,36825,Jon Tisch,LOEWS CORP,Co-Chairman,1/10/06,C,Executive Director,L,1,Jon Tisch
19065,36825,Jon Tisch,LOEWS CORP,Co-Chairman,1/10/06,C,Executive Director,LTR,1,Jon Tisch
19193,489833,Marvin Ellison,LOWE'S COS INC,President/CEO,7/2/18,6/1/21,Executive Director,LOW,1,Marvin Ellison
19327,484476,René Jones,M&T BANK CORP,Chairman/CEO,12/20/17,C,Executive Director,MTB,1,René Jones
19706,24849,Bill Marriott Jr,MARRIOTT INTERNATIONAL INC,Chairman (Executive),3/31/12,5/6/22,Executive Director,MAQ,1,Bill Marriott Jr
19706,24849,Bill Marriott Jr,MARRIOTT INTERNATIONAL INC,Chairman (Executive),3/31/12,5/6/22,Executive Director,MAR,1,Bill Marriott Jr
19706,38571,Arne Sorenson,MARRIOTT INTERNATIONAL INC,President/CEO,3/31/12,2/15/21,Executive Director,MAQ,1,Arne Sorenson
19706,38571,Arne Sorenson,MARRIOTT INTERNATIONAL INC,President/CEO,3/31/12,2/15/21,Executive Director,MAR,1,Arne Sorenson
19713,592845,Dan Glaser,MARSH & MCLENNAN COMPANIES INC,President/CEO,1/1/13,12/31/22,Executive Director,MHM,1,Dan Glaser
19713,592845,Dan Glaser,MARSH & MCLENNAN COMPANIES INC,President/CEO,1/1/13,12/31/22,Executive Director,MMC,1,Dan Glaser
19713,592845,Dan Glaser,MARSH & MCLENNAN COMPANIES INC,President/CEO,1/1/13,12/31/22,Executive Director,MSN,1,Dan Glaser
19739,841525,Ward Nye,MARTIN MARIETTA MATERIALS INC,Chairman/President/CEO,5/22/14,C,Executive Director,MLM,1,Ward Nye
19758,1135450,Keith Allman,MASCO CORP,President/CEO,2/14/14,C,Executive Director,MAS,1,Keith Allman
19863,36387,Tunc Doluca,MAXIM INTEGRATED PRODUCTS INC (De-listed 08/2021),President/CEO,1/1/07,8/26/21,Executive Director,MXI,1,Tunc Doluca
19863,36387,Tunc Doluca,MAXIM INTEGRATED PRODUCTS INC (De-listed 08/2021),President/CEO,1/1/07,8/26/21,Executive Director,MXIM,1,Tunc Doluca
19939,481697,Lawrence Kurzius,MCCORMICK & CO INC,Chairman/President/CEO,1/31/17,6/1/22,Executive Director,MKC,1,Lawrence Kurzius
19939,481697,Lawrence Kurzius,MCCORMICK & CO INC,Chairman/President/CEO,1/31/17,6/1/22,Executive Director,MKC.V,1,Lawrence Kurzius
19944,1381393,Chris Kempczinski,MCDONALD'S CORP,President/CEO,11/1/19,C,Executive Director,MCD,1,Chris Kempczinski
19944,1381393,Chris Kempczinski,MCDONALD'S CORP,President/CEO,11/1/19,C,Executive Director,MDO,1,Chris Kempczinski
19953,604942,Doug Peterson,S&P GLOBAL INC (McGraw Hill Financial Inc prior to 04/2016),President/CEO,11/1/13,C,Executive Director,SPGI,1,Doug Peterson
19966,509859,Doctor Brian Tyler,MCKESSON CORP (McKesson HBOC Inc prior to 08/2001),CEO,4/1/19,C,Executive Director,MCK,1,Doctor Brian Tyler
20426,1135745,Michel Khalaf,METLIFE INC,President/CEO,5/1/19,C,Executive Director,MET,1,Michel Khalaf
20426,1135745,Michel Khalaf,METLIFE INC,President/CEO,5/1/19,C,Executive Director,MET.PRA,1,Michel Khalaf
20426,1135745,Michel Khalaf,METLIFE INC,President/CEO,5/1/19,C,Executive Director,MWZ,1,Michel Khalaf
20478,205031,Olivier Filliol,METTLER TOLEDO INTERNATIONAL INC,President/CEO,1/1/09,3/31/21,Executive Director,MTD,1,Olivier Filliol
20566,61502,Steve Sanghi,MICROCHIP TECHNOLOGY INC,Chairman/CEO,2/3/16,3/1/21,Executive Director,MCHP,1,Steve Sanghi
20566,61502,Steve Sanghi,MICROCHIP TECHNOLOGY INC,Chairman/CEO,2/3/16,3/1/21,Executive Director,MCP,1,Steve Sanghi
20589,205405,Sanjay Mehrotra,MICRON TECHNOLOGY INC,President/CEO,5/8/17,C,Executive Director,MTE,1,Sanjay Mehrotra
20589,205405,Sanjay Mehrotra,MICRON TECHNOLOGY INC,President/CEO,5/8/17,C,Executive Director,MU,1,Sanjay Mehrotra
20589,2554735,K Hsu,MICRON TECHNOLOGY INC,Chairman/Regional VP,8/1/15,1/1/21,Executive Director,MTE,1,K Hsu
20589,2554735,K Hsu,MICRON TECHNOLOGY INC,Chairman/Regional VP,8/1/15,1/1/21,Executive Director,MU,1,K Hsu
20601,499383,Satya Nadella,MICROSOFT CORP,CEO,2/4/14,6/16/21,Executive Director,MSF,1,Satya Nadella
20601,499383,Satya Nadella,MICROSOFT CORP,CEO,2/4/14,6/16/21,Executive Director,MSFT,1,Satya Nadella
20625,341827,H Bolton Jr,MID-AMERICA APARTMENT COMMUNITIES INC,Chairman/President/CEO,10/1/02,C,Executive Director,MAA,1,H Bolton Jr
20777,1310783,Mike Roman,3M CO (Minnesota Mining & Manufacturing Co prior to 02/2002),Chairman/President/CEO,6/1/19,9/1/23,Executive Director,MMM,1,Mike Roman
20964,64542,Jeff Lorberbaum,MOHAWK INDUSTRIES INC,Chairman/CEO,11/4/09,C,Executive Director,MHK,1,Jeff Lorberbaum
21071,49681,Raymond McDaniel Jr,MOODYS CORP,President/CEO,4/19/12,12/31/20,Executive Director,MCO,1,Raymond McDaniel Jr
21105,34080,James Gorman,MORGAN STANLEY (Morgan Stanley Dean Witter & Co prior to 07/2002),Chairman/CEO,1/1/12,1/1/24,Executive Director,MS,1,James Gorman
21174,42861,Greg Brown,MOTOROLA SOLUTIONS INC,Chairman/CEO,5/3/11,C,Executive Director,MSI,1,Greg Brown
21553,207048,Clay Williams,NOV INC (National Oilwell Varco Inc prior to 01/2021),Chairman/President/CEO,5/30/14,C,Executive Director,,1,Clay Williams
21553,207048,Clay Williams,NOV INC (National Oilwell Varco Inc prior to 01/2021),Chairman/President/CEO,5/30/14,C,Executive Director,NO8,1,Clay Williams
21553,207048,Clay Williams,NOV INC (National Oilwell Varco Inc prior to 01/2021),Chairman/President/CEO,5/30/14,C,Executive Director,NOV,1,Clay Williams
21903,1448606,George Kurian,NETAPP INC (Network Appliance Inc prior to 03/2008),President/CEO,5/20/16,7/1/20,Executive Director,NTA,1,George Kurian
21903,1448606,George Kurian,NETAPP INC (Network Appliance Inc prior to 03/2008),President/CEO,5/20/16,7/1/20,Executive Director,NTAP,1,George Kurian
22048,447647,Ravi Saligram,NEWELL BRANDS INC (Newell Rubbermaid Inc prior to 04/2016),President/CEO,10/2/19,5/5/22,Executive Director,NWL,1,Ravi Saligram
22069,1378869,Tom Palmer,NEWMONT CORP (Newmont Goldcorp Corp prior to 01/2020),President/CEO,10/1/19,C,Executive Director,NEM,1,Tom Palmer
22260,594908,Joe Hamrock,NISOURCE INC (NIPSCO Industries Inc prior to 04/1999),President/CEO,7/1/15,2/14/22,Executive Director,NI,1,Joe Hamrock
22412,534106,Jim Squires,NORFOLK SOUTHERN CORP,Chairman/President/CEO,10/1/15,12/1/21,Executive Director,NSC,1,Jim Squires
22509,1122917,Mike O'Grady,NORTHERN TRUST CORP,Chairman/President/CEO,1/23/19,C,Executive Director,NT4,1,Mike O'Grady
22509,1122917,Mike O'Grady,NORTHERN TRUST CORP,Chairman/President/CEO,1/23/19,C,Executive Director,NTRS,1,Mike O'Grady
22521,1255302,Kathy Warden,NORTHROP GRUMMAN CORP,Chair/President/CEO,8/1/19,C,Executive Director,NOC,1,Kathy Warden
22521,1255302,Kathy Warden,NORTHROP GRUMMAN CORP,Chair/President/CEO,8/1/19,C,Executive Director,NTH,1,Kathy Warden
22626,598675,Mauricio Gutierrez,NRG ENERGY INC,President/CEO,1/4/16,11/17/23,Executive Director,NRG,1,Mauricio Gutierrez
22660,206005,Jim Judge,EVERSOURCE ENERGY (Northeast Utilities prior to 02/2015),Chairman/President/CEO,5/3/17,5/5/21,Executive Director,ES,1,Jim Judge
22806,83377,Jensen Huang,NVIDIA CORP,President/CEO,4/1/93,C,Executive Director,NVD,1,Jensen Huang
22806,83377,Jensen Huang,NVIDIA CORP,President/CEO,4/1/93,C,Executive Director,NVDA,1,Jensen Huang
22899,1304382,Vicki Hollub,OCCIDENTAL PETROLEUM CORP,President/CEO,4/29/16,C,Executive Director,OPC,1,Vicki Hollub
22899,1304382,Vicki Hollub,OCCIDENTAL PETROLEUM CORP,President/CEO,4/29/16,C,Executive Director,OXY,1,Vicki Hollub
23040,272624,Earl Congdon Jr,OLD DOMINION FREIGHT LINE INC,Senior Chairman (Executive),5/16/18,1/1/21,Executive Director,ODFL,1,Earl Congdon Jr
23040,272632,David Congdon,OLD DOMINION FREIGHT LINE INC,Chairman (Executive),5/16/18,C,Executive Director,ODFL,1,David Congdon
23040,896206,Greg Gantt,OLD DOMINION FREIGHT LINE INC,President/CEO,5/16/18,6/30/23,Executive Director,ODFL,1,Greg Gantt
23113,35509,John Wren III,OMNICOM GROUP INC,Chairman/CEO,5/22/18,C,Executive Director,OMC,1,John Wren III
23134,200418,Keith Jackson,ON SEMICONDUCTOR CORP,President/CEO,11/19/02,12/7/20,Executive Director,ON,1,Keith Jackson
23165,620137,Terry Spencer,ONEOK INC (WAI Inc prior to 11/1997),President/CEO,1/31/14,6/28/21,Executive Director,OKE,1,Terry Spencer
23295,27485,Larry Ellison,ORACLE CORP,Executive Chairman/Chief Technology Officer,9/17/14,C,Executive Director,ORC,1,Larry Ellison
23295,27485,Larry Ellison,ORACLE CORP,Executive Chairman/Chief Technology Officer,9/17/14,C,Executive Director,ORCL,1,Larry Ellison
23295,33468,Jeff Henley,ORACLE CORP,Vice Chairman (Executive),9/17/14,C,Executive Director,ORC,1,Jeff Henley
23295,33468,Jeff Henley,ORACLE CORP,Vice Chairman (Executive),9/17/14,C,Executive Director,ORCL,1,Jeff Henley
23295,33503,Safra Catz,ORACLE CORP,CEO,10/18/19,C,Executive Director,ORC,1,Safra Catz
23295,33503,Safra Catz,ORACLE CORP,CEO,10/18/19,C,Executive Director,ORCL,1,Safra Catz
23350,102852,David O'Reilly,O'REILLY AUTOMOTIVE INC,Chairman (Executive),2/24/05,5/13/21,Executive Director,ORLY,1,David O'Reilly
23350,204705,Greg Henslee,O'REILLY AUTOMOTIVE INC,Vice Chairman (Executive),5/8/18,5/13/21,Executive Director,ORLY,1,Greg Henslee
23563,51632,Mark Pigott,PACCAR INC,Chairman (Executive),4/27/14,C,Executive Director,PCAR,1,Mark Pigott
23563,1526154,R Feight,PACCAR INC,CEO,7/1/19,C,Executive Director,PCAR,1,R Feight
23635,205273,Mark Kowlzan,PACKAGING CORP OF AMERICA,Chairman/CEO,1/1/16,C,Executive Director,PKG,1,Mark Kowlzan
23834,502142,Tom Williams,PARKER-HANNIFIN CORP,Chairman/CEO,1/1/16,1/1/23,Executive Director,PH,1,Tom Williams
23945,39151,Martin Mucci,PAYCHEX INC,President/CEO,10/14/10,12/1/21,Executive Director,PAYX,1,Martin Mucci
23945,39151,Martin Mucci,PAYCHEX INC,President/CEO,10/14/10,12/1/21,Executive Director,PCX,1,Martin Mucci
24151,1304732,Ramon Laguarta,PEPSICO INC,Chairman/President/CEO,2/1/19,C,Executive Director,PEP,1,Ramon Laguarta
24303,47996,Bill Johnson,PG&E CORP,President/CEO,6/21/19,6/30/20,Executive Director,PCG,1,Bill Johnson
24355,486834,Ryan Lance,CONOCOPHILLIPS COMPANY,Chairman/CEO,5/1/12,C,Executive Director,COP,1,Ryan Lance
24355,486834,Ryan Lance,CONOCOPHILLIPS COMPANY,Chairman/CEO,5/1/12,C,Executive Director,YCP,1,Ryan Lance
24356,207452,Manny Chirico,PVH CORP,Chairman/CEO,6/19/07,2/1/21,Executive Director,PVH,1,Manny Chirico
24493,891832,Jeff Guldner,PINNACLE WEST CAPITAL CORP,Chairman/President/CEO,11/15/19,C,Executive Director,PNW,1,Jeff Guldner
24493,891832,Jeff Guldner,PINNACLE WEST CAPITAL CORP,Chairman/President/CEO,11/15/19,C,Executive Director,PWC,1,Jeff Guldner
24506,66062,Scott Sheffield,PIONEER NATURAL RESOURCES CO,President/CEO,2/21/19,1/1/21,Executive Director,PXD,1,Scott Sheffield
24669,44576,William Demchak,PNC FINANCIAL SERVICES GROUP INC,Chairman/President/CEO,4/22/14,2/20/24,Executive Director,PNC,1,William Demchak
24669,44576,William Demchak,PNC FINANCIAL SERVICES GROUP INC,Chairman/President/CEO,4/22/14,2/20/24,Executive Director,PNCFO,1,William Demchak
24669,44576,William Demchak,PNC FINANCIAL SERVICES GROUP INC,Chairman/President/CEO,4/22/14,2/20/24,Executive Director,PNP,1,William Demchak
24726,220546,Ralph Lauren,RALPH LAUREN CORP,Executive Chairman/Chief Creative Officer,11/2/15,C,Executive Director,RL,1,Ralph Lauren
24726,884348,Patrice Louvet,RALPH LAUREN CORP,President/CEO,7/3/17,C,Executive Director,RL,1,Patrice Louvet
24726,1319543,David Lauren,RALPH LAUREN CORP,Vice Chairman/Chief Innovation Officer,10/7/16,3/1/22,Executive Director,RL,1,David Lauren
24887,624113,Michael McGarry,PPG INDUSTRIES INC,Chairman/CEO,9/1/16,1/1/23,Executive Director,PPG,1,Michael McGarry
24890,333782,Bill Spence,PPL CORP,Chairman/CEO,7/1/19,5/31/20,Executive Director,PPL,1,Bill Spence
25020,489855,Bill Stromberg,T ROWE PRICE GROUP INC,Chairman/President/CEO,4/25/19,2/11/21,Executive Director,TR1,1,Bill Stromberg
25020,489855,Bill Stromberg,T ROWE PRICE GROUP INC,Chairman/President/CEO,4/25/19,2/11/21,Executive Director,TROW,1,Bill Stromberg
25022,549248,Glenn Fogel,BOOKING HOLDINGS INC (Priceline Group Inc (The) prior to 02/2018),President/CEO/Division CEO,6/26/19,C,Executive Director,BKNG,1,Glenn Fogel
25087,333969,Dan Houston,PRINCIPAL FINANCIAL GROUP INC,Chairman/President/CEO,5/17/16,C,Executive Director,PFG,1,Dan Houston
25150,549272,David Taylor,PROCTER & GAMBLE CO,Chairman/President/CEO,7/1/16,11/1/21,Executive Director,PG,1,David Taylor
25150,549272,David Taylor,PROCTER & GAMBLE CO,Chairman/President/CEO,7/1/16,11/1/21,Executive Director,PRG,1,David Taylor
25199,40291,Tricia Griffith,PROGRESSIVE CORP (OHIO),President/CEO,7/1/16,C,Executive Director,PGR,1,Tricia Griffith
25199,40291,Tricia Griffith,PROGRESSIVE CORP (OHIO),President/CEO,7/1/16,C,Executive Director,PGV,1,Tricia Griffith
25332,885991,Charlie Lowrey Jr,PRUDENTIAL FINANCIAL INC,Chairman/President/CEO,4/5/19,C,Executive Director,PRU,1,Charlie Lowrey Jr
25378,204007,Doctor Ralph Izzo,PUBLIC SERVICE ENTERPRISE GROUP INC,Chairman/President/CEO,4/1/07,8/31/22,Executive Director,PEG,1,Doctor Ralph Izzo
25378,204007,Doctor Ralph Izzo,PUBLIC SERVICE ENTERPRISE GROUP INC,Chairman/President/CEO,4/1/07,8/31/22,Executive Director,PSE,1,Doctor Ralph Izzo
25380,270150,Joe Russell Jr,PUBLIC STORAGE (Public Storage Inc prior to 06/2007),President/CEO,1/1/19,C,Executive Director,PSA,1,Joe Russell Jr
25380,270150,Joe Russell Jr,PUBLIC STORAGE (Public Storage Inc prior to 06/2007),President/CEO,1/1/19,C,Executive Director,PUP,1,Joe Russell Jr
25407,1308442,Ryan Marshall,PULTEGROUP INC,President/CEO,9/8/16,C,Executive Director,PHM,1,Ryan Marshall
25529,34486,Doctor Irwin Jacobs,QUALCOMM INC,Chairman/CEO Emeritus,3/6/12,N,Executive Director,QCI,1,Doctor Irwin Jacobs
25529,34486,Doctor Irwin Jacobs,QUALCOMM INC,Chairman/CEO Emeritus,3/6/12,N,Executive Director,QCOM,1,Doctor Irwin Jacobs
25529,640531,Steve Mollenkopf,QUALCOMM INC,CEO,3/4/14,6/30/21,Executive Director,QCI,1,Steve Mollenkopf
25529,640531,Steve Mollenkopf,QUALCOMM INC,CEO,3/4/14,6/30/21,Executive Director,QCOM,1,Steve Mollenkopf
25544,1048547,Duke Austin Jr,QUANTA SERVICES INC,President/CEO/COO,3/14/16,1/26/22,Executive Director,PWR,1,Duke Austin Jr
25578,37246,Steve Rusckowski,QUEST DIAGNOSTICS INC,Chairman/President/CEO,1/1/17,11/1/22,Executive Director,DGX,1,Steve Rusckowski
25578,37246,Steve Rusckowski,QUEST DIAGNOSTICS INC,Chairman/President/CEO,1/1/17,11/1/22,Executive Director,QDI,1,Steve Rusckowski
25808,275776,Paul Reilly,RAYMOND JAMES FINANCIAL INC,Chairman/CEO,2/16/17,C,Executive Director,RJF,1,Paul Reilly
25864,1128307,Sumit Roy,REALTY INCOME CORP,President/CEO,10/16/18,C,Executive Director,O,1,Sumit Roy
25954,201093,Doctor Len Schleifer,REGENERON PHARMACEUTICALS INC,President/CEO,1/1/94,6/9/23,Executive Director,REGN,1,Doctor Len Schleifer
25954,201093,Doctor Len Schleifer,REGENERON PHARMACEUTICALS INC,President/CEO,1/1/94,6/9/23,Executive Director,RGO,1,Doctor Len Schleifer
26097,205673,Don Slager,REPUBLIC SERVICES INC,CEO,5/1/19,5/21/21,Executive Director,RSG,1,Don Slager
26113,1089889,Mick Farrell,RESMED INC,CEO,3/1/13,1/25/23,Executive Director,RMD,1,Mick Farrell
26429,81557,Harold Messmer Jr,ROBERT HALF INC (Robert Half International Inc prior to 07/2023),Chairman (Executive),12/15/19,C,Executive Director,RHI,1,Harold Messmer Jr
26429,81557,Harold Messmer Jr,ROBERT HALF INC (Robert Half International Inc prior to 07/2023),Chairman (Executive),12/15/19,C,Executive Director,RHJ,1,Harold Messmer Jr
26429,81587,Michael Waddell,ROBERT HALF INC (Robert Half International Inc prior to 07/2023),Vice Chairman/CEO/President,12/15/19,C,Executive Director,RHI,1,Michael Waddell
26429,81587,Michael Waddell,ROBERT HALF INC (Robert Half International Inc prior to 07/2023),Vice Chairman/CEO/President,12/15/19,C,Executive Director,RHJ,1,Michael Waddell
26468,1108705,Blake Moret,ROCKWELL AUTOMATION INC,Chairman/President/CEO,1/1/18,C,Executive Director,ROK,1,Blake Moret
26468,1108705,Blake Moret,ROCKWELL AUTOMATION INC,Chairman/President/CEO,1/1/18,C,Executive Director,RWL,1,Blake Moret
26519,44241,Richard Rollins Sr,ROLLINS INC,Chairman,7/24/01,8/17/20,Executive Director,ROL,1,Richard Rollins Sr
26519,141669,Gary Rollins,ROLLINS INC,Vice Chairman/CEO,1/22/13,8/25/20,Executive Director,ROL,1,Gary Rollins
26544,796522,Laurence Hunn,ROPER TECHNOLOGIES INC (Roper Industries Inc prior to 04/2015),President/CEO,9/19/18,C,Executive Director,ROP,1,Laurence Hunn
26560,487157,Barbara Rentler,ROSS STORES INC,CEO,6/1/14,5/19/21,Executive Director,ROST,1,Barbara Rentler
26560,487157,Barbara Rentler,ROSS STORES INC,CEO,6/1/14,5/19/21,Executive Director,RSO,1,Barbara Rentler
26625,13413,Richard Fain,ROYAL CARIBBEAN CRUISES LTD (ROYAL CARIBBEAN GROUP),Chairman/CEO,4/1/88,1/3/22,Executive Director,RCL,1,Richard Fain
27160,346056,Jeff Stoops,SBA COMMUNICATIONS CORP,President/CEO,1/1/02,12/31/23,Executive Director,SBAC,1,Jeff Stoops
27163,33072,Randall Stephenson Jr,AT&T INC (SBC Communications Inc prior to 11/2005),Chairman/CEO,10/1/19,7/1/20,Executive Director,T,1,Randall Stephenson Jr
27219,31551,Ken Frazier,MERCK & CO INC (Schering-Plough Corp prior to 11/2009),Chairman/President/CEO,12/1/11,4/1/21,Executive Director,6MK,1,Ken Frazier
27219,31551,Ken Frazier,MERCK & CO INC (Schering-Plough Corp prior to 11/2009),Chairman/President/CEO,12/1/11,4/1/21,Executive Director,MRK,1,Ken Frazier
27242,484858,Olivier Le Peuch,SCHLUMBERGER LIMITED,CEO,8/1/19,C,Executive Director,SCL,1,Olivier Le Peuch
27242,484858,Olivier Le Peuch,SCHLUMBERGER LIMITED,CEO,8/1/19,C,Executive Director,SLB,1,Olivier Le Peuch
27292,957,Chuck Schwab Jr,CHARLES SCHWAB CORP,Chairman (Executive),10/1/08,7/27/22,Executive Director,SCHW,1,Chuck Schwab Jr
27292,486476,Walt Bettinger II,CHARLES SCHWAB CORP,President/CEO,10/1/08,10/15/21,Executive Director,SCHW,1,Walt Bettinger II
27358,1351667,Pete Arvan,POOL CORP (SCP Pool prior to 05/2006),President/CEO,7/31/19,C,Executive Director,POOL,1,Pete Arvan
27418,516421,Ted Doheny II,SEALED AIR CORP,President/CEO,1/1/18,10/23/23,Executive Director,SDA,1,Ted Doheny II
27418,516421,Ted Doheny II,SEALED AIR CORP,President/CEO,1/1/18,10/23/23,Executive Director,SEE,1,Ted Doheny II
27786,60662,John Morikis,SHERWIN-WILLIAMS CO,Chairman/CEO,3/1/19,3/12/21,Executive Director,SHW,1,John Morikis
28041,70877,David Simon,SIMON PROPERTY GROUP INC,Chairman/President/CEO,2/15/19,C,Executive Director,SPG,1,David Simon
28041,141036,Richard Sokolov,SIMON PROPERTY GROUP INC,Vice Chairman,2/15/19,C,Executive Director,SPG,1,Richard Sokolov
28228,181802,Marc Holliday,SL GREEN REALTY CORP,Chairman/CEO,1/1/19,12/31/23,Executive Director,SLG,1,Marc Holliday
28304,484111,Ajita Rajendra,SMITH (AO) CORP,Chairman (Executive),9/1/18,5/1/20,Executive Director,AOS,1,Ajita Rajendra
28304,1302544,Kevin Wheeler,SMITH (AO) CORP,President/CEO,9/1/18,5/1/20,Executive Director,AOS,1,Kevin Wheeler
28325,43611,Richard Smucker,J. M. SMUCKER CO (THE),Chairman (Executive),5/1/16,8/17/22,Executive Director,SJM,1,Richard Smucker
28325,548682,Mark Smucker,J. M. SMUCKER CO (THE),President/CEO,5/1/16,8/17/22,Executive Director,SJM,1,Mark Smucker
28335,206568,Nick Pinchuk,SNAP-ON INC,Chairman/President/CEO,4/23/09,C,Executive Director,SNA,1,Nick Pinchuk
28665,325858,Tom Fanning,SOUTHERN CO,Chairman/President/CEO,12/1/10,3/31/23,Executive Director,SO,1,Tom Fanning
28696,44881,Gary Kelly,SOUTHWEST AIRLINES CO,Chairman/CEO,1/10/17,2/1/22,Executive Director,LUV,1,Gary Kelly
29065,204774,Jim Loree,STANLEY BLACK & DECKER INC,President/CEO,8/1/16,2/23/21,Executive Director,SWK,1,Jim Loree
29093,31844,Kevin Johnson,STARBUCKS CORP,President/CEO,4/3/17,4/4/22,Executive Director,SBUX,1,Kevin Johnson
29093,31844,Kevin Johnson,STARBUCKS CORP,President/CEO,4/3/17,4/4/22,Executive Director,SRB,1,Kevin Johnson
29405,1117420,Kevin Lobo,STRYKER CORP,Chair/CEO,8/1/18,10/1/21,Executive Director,SYK,1,Kevin Lobo
29816,64702,Doctor Aart De Geus,SYNOPSYS INC,Chairman/Co-CEO,5/21/12,4/30/22,Executive Director,SNPS,1,Doctor Aart De Geus
29816,64712,Doctor Chi-Foon Chan,SYNOPSYS INC,President/Co-CEO,5/21/12,11/1/21,Executive Director,SNPS,1,Doctor Chi-Foon Chan
29924,333171,Strauss Zelnick,TAKE TWO INTERACTIVE SOFTWARE INC,Chairman (Executive)/CEO,1/1/11,C,Executive Director,TTWO,1,Strauss Zelnick
29978,34696,Bill Andres,TARGET CORP,Chairman/CEO,N,N,Executive Director,DYH,1,Bill Andres
29978,34696,Bill Andres,TARGET CORP,Chairman/CEO,N,N,Executive Director,TGT,1,Bill Andres
29978,310363,Brian Cornell,TARGET CORP,Chair/CEO,8/12/14,C,Executive Director,DYH,1,Brian Cornell
29978,310363,Brian Cornell,TARGET CORP,Chair/CEO,8/12/14,C,Executive Director,TGT,1,Brian Cornell
30261,36111,Professor Doctor Robert Mehrabian,TELEDYNE TECHNOLOGIES INC,Chairman (Executive),1/1/19,10/15/21,Executive Director,TDY,1,Professor Doctor Robert Mehrabian
30265,1115309,Liam Kelly,TELEFLEX INC,President/CEO,5/4/18,5/1/20,Executive Director,TFX,1,Liam Kelly
30372,336808,Darren Entwistle,TELUS CORP,President/CEO,8/10/15,C,Executive Director,T,1,Darren Entwistle
30437,488571,Mark Jagiela,TERADYNE INC,President/CEO,2/1/14,7/1/22,Executive Director,TER,1,Mark Jagiela
30437,488571,Mark Jagiela,TERADYNE INC,President/CEO,2/1/14,7/1/22,Executive Director,TEY,1,Mark Jagiela
30509,13520,Rich Templeton,TEXAS INSTRUMENTS INC,Chairman/President/CEO,7/17/18,4/1/23,Executive Director,TXN,1,Rich Templeton
30529,32459,Scott Donnelly,TEXTRON INC,Chairman/President/CEO,9/1/10,C,Executive Director,TXT,1,Scott Donnelly
30616,2810399,Delete Delete,THERMO FISHER SCIENTIFIC INC (Thermo Electron Corp prior to 11/2006),Chairman/VP/Treasurer,N,C,Executive Director,TMO,1,Delete Delete
30616,2810399,Delete Delete,THERMO FISHER SCIENTIFIC INC (Thermo Electron Corp prior to 11/2006),Chairman/VP/Treasurer,N,C,Executive Director,TN8,1,Delete Delete
30801,38966,Carol Meyrowitz,TJX COS INC,Chairman (Executive),1/31/16,C,Executive Director,TJX,1,Carol Meyrowitz
30801,540575,Ernie Herrman,TJX COS INC,President/CEO,1/31/16,C,Executive Director,TJX,1,Ernie Herrman
30937,58941,Gary Coleman,GLOBE LIFE INC (Torchmark Corp prior to 08/2019),Co-Chairman/Co-CEO,4/24/14,12/31/22,Executive Director,GL,1,Gary Coleman
30937,58946,Larry Hutchison,GLOBE LIFE INC (Torchmark Corp prior to 08/2019),Co-Chairman/Co-CEO,4/24/14,12/31/22,Executive Director,GL,1,Larry Hutchison
31558,325222,John Marr Jr,TYLER TECHNOLOGIES INC,Chairman (Executive),5/10/18,C,Executive Director,TYL,1,John Marr Jr
31558,325238,H Moore Jr,TYLER TECHNOLOGIES INC,President/CEO,5/10/18,C,Executive Director,TYL,1,H Moore Jr
31563,140460,John Tyson,TYSON FOODS INC,Chairman (Executive),11/17/11,C,Executive Director,TSN,1,John Tyson
31563,453851,Noel White,TYSON FOODS INC,CEO,12/20/19,10/3/20,Executive Director,TSN,1,Noel White
31575,160071,Oscar Munoz,UNITED AIRLINES HOLDINGS INC (United Continental Holdings Inc prior to 07/2019),CEO,8/29/16,5/20/20,Executive Director,UAL,1,Oscar Munoz
31786,603672,Lance Fritz,UNION PACIFIC CORP,Chairman/President/CEO,10/1/15,8/14/23,Executive Director,UNP,1,Lance Fritz
31865,81852,Alan Miller,UNIVERSAL HEALTH SERVICES INC,Chairman/CEO,5/20/09,1/1/21,Executive Director,UHS,1,Alan Miller
31898,340641,Rick McKenney,UNUM GROUP (UnumProvident Corp prior to 03/2007),President/CEO,5/21/15,C,Executive Director,UNM,1,Rick McKenney
31898,340641,Rick McKenney,UNUM GROUP (UnumProvident Corp prior to 03/2007),President/CEO,5/21/15,C,Executive Director,UUM,1,Rick McKenney
31946,34167,Andy Cecere,US BANCORP,Chairman/President/CEO,4/17/18,C,Executive Director,USB,1,Andy Cecere
31946,34167,Andy Cecere,US BANCORP,Chairman/President/CEO,4/17/18,C,Executive Director,USB.PRA,1,Andy Cecere
31946,34167,Andy Cecere,US BANCORP,Chairman/President/CEO,4/17/18,C,Executive Director,USB.PRH,1,Andy Cecere
32019,33328,Barry Diller,MATCH GROUP INC (IAC InterActiveCorp prior to 07/2020),Chairman (Executive),12/1/10,6/30/20,Executive Director,MTCH,1,Barry Diller
32019,43526,Victor Kaufman,MATCH GROUP INC (IAC InterActiveCorp prior to 07/2020),Vice Chairman (Executive),10/1/99,6/30/20,Executive Director,MTCH,1,Victor Kaufman
32019,641282,Joey Levin,MATCH GROUP INC (IAC InterActiveCorp prior to 07/2020),CEO,6/24/15,6/30/20,Executive Director,MTCH,1,Joey Levin
32067,1314672,Lee Tillman,MARATHON OIL CORP (USX Marathon Group prior to 01/2002),Chairman/President/CEO,2/1/19,C,Executive Director,MRO,1,Lee Tillman
32094,181650,Tom Toomey,UDR INC (United Dominion Realty Trust Inc prior to 03/2007),Chairman/CEO,1/1/19,C,Executive Director,UDR,1,Tom Toomey
32107,333999,Dave Wichmann,UNITEDHEALTH GROUP INC,CEO,9/1/17,2/4/21,Executive Director,UNH,1,Dave Wichmann
32137,41806,David Abney,UNITED PARCEL SERVICE (UPS) INC,Chairman/CEO,2/10/16,6/1/20,Executive Director,UPS,1,David Abney
32144,628081,Matt Flannery,UNITED RENTALS INC,President/CEO,5/8/19,C,Executive Director,URI,1,Matt Flannery
32375,453565,Dow Wilson,VARIAN MEDICAL SYSTEMS INC (De-listed 04/2021),President/CEO,9/29/12,10/5/20,Executive Director,VAR,1,Dow Wilson
32375,453565,Dow Wilson,VARIAN MEDICAL SYSTEMS INC (De-listed 04/2021),President/CEO,9/29/12,10/5/20,Executive Director,VNM,1,Dow Wilson
32450,180625,Debra Cafaro,VENTAS INC (Vencor Inc prior to 04/1998),Chairman/CEO,11/2/10,C,Executive Director,VTR,1,Debra Cafaro
32507,454544,Hans Vestberg,VERIZON COMMUNICATIONS INC,Chairman/CEO,3/8/19,C,Executive Director,BAC,1,Hans Vestberg
32507,454544,Hans Vestberg,VERIZON COMMUNICATIONS INC,Chairman/CEO,3/8/19,C,Executive Director,VZ,1,Hans Vestberg
32574,831805,Steve Rendle,VF CORP,Chairman (Executive)/President/CEO,10/28/17,12/2/22,Executive Director,VFC,1,Steve Rendle
32574,831805,Steve Rendle,VF CORP,Chairman (Executive)/President/CEO,10/28/17,12/2/22,Executive Director,VFP,1,Steve Rendle
32928,142089,Steve Roth,VORNADO REALTY TRUST,Chairman/CEO,4/15/13,C,Executive Director,VNO,1,Steve Roth
32928,142089,Steve Roth,VORNADO REALTY TRUST,Chairman/CEO,4/15/13,C,Executive Director,VNORP,1,Steve Roth
32979,1085549,Tom Hill,VULCAN MATERIALS CO,Chairman/President/CEO,1/1/16,9/20/23,Executive Director,VMC,1,Tom Hill
33000,205052,Al Neupaver,WESTINGHOUSE AIR BRAKE TECHNOLOGIES CORP,Chairman (Executive),5/1/18,7/1/20,Executive Director,WAB,1,Al Neupaver
33000,1188120,Rafael Santana,WESTINGHOUSE AIR BRAKE TECHNOLOGIES CORP,President/CEO,7/1/19,C,Executive Director,WAB,1,Rafael Santana
33026,3997,Stefano Pessina,WALGREENS BOOTS ALLIANCE INC (Walgreen Co prior to 12/2014),Executive Vice Chairman/CEO,7/9/15,3/15/21,Executive Director,WBA,1,Stefano Pessina
33026,35981,Jim Skinner,WALGREENS BOOTS ALLIANCE INC (Walgreen Co prior to 12/2014),Chairman (Executive),1/9/15,3/15/21,Executive Director,WBA,1,Jim Skinner
33046,32097,Doug McMillon,WALMART INC (Wal-Mart Stores Inc prior to 02/2018),President/CEO,2/1/14,C,Executive Director,WMT,1,Doug McMillon
33114,1119364,Jim Fish Jr,WASTE MANAGEMENT INC,President/CEO,11/10/16,C,Executive Director,UWS,1,Jim Fish Jr
33114,1119364,Jim Fish Jr,WASTE MANAGEMENT INC,President/CEO,11/10/16,C,Executive Director,WM,1,Jim Fish Jr
33264,33951,Charlie Scharf,WELLS FARGO & CO,President/CEO,10/21/19,C,Executive Director,NWT,1,Charlie Scharf
33264,33951,Charlie Scharf,WELLS FARGO & CO,President/CEO,10/21/19,C,Executive Director,WFC,1,Charlie Scharf
33314,1194462,Eric Green,WEST PHARMACEUTICAL SERVICES INC,President/CEO,12/17/15,5/24/22,Executive Director,WST,1,Eric Green
33418,1266749,Devin Stockfish,WEYERHAEUSER CO,President/CEO,1/1/19,C,Executive Director,WHC,1,Devin Stockfish
33418,1266749,Devin Stockfish,WEYERHAEUSER CO,President/CEO,1/1/19,C,Executive Director,WY,1,Devin Stockfish
33437,485987,Doctor Marc Bitzer,WHIRLPOOL CORP,Chairman/President/CEO,1/1/19,9/1/21,Executive Director,WHR,1,Doctor Marc Bitzer
33512,443291,Alan Armstrong,WILLIAMS COMPANIES INC,President/CEO,1/3/11,C,Executive Director,WMB,1,Alan Armstrong
33607,36615,Gale Klappa,WEC ENERGY GROUP INC (Wisconsin Energy Corp prior to 06/2015),Chairman (Executive),2/1/19,C,Executive Director,WEC,1,Gale Klappa
33607,885203,Kevin Fletcher,WEC ENERGY GROUP INC (Wisconsin Energy Corp prior to 06/2015),President/CEO,2/1/19,2/1/22,Executive Director,WEC,1,Kevin Fletcher
33850,1117881,John Visentin,XEROX HOLDINGS CORP (Xerox Corp prior to 08/2019),Vice Chairman/CEO,5/14/18,6/28/22,Executive Director,XRX,1,John Visentin
33857,339239,Victor Peng,XILINX INC (De-listed 02/2022),President/CEO,1/29/18,2/14/22,Executive Director,XLNX,1,Victor Peng
34075,204453,Anders Gustafsson,ZEBRA TECHNOLOGIES CORP,CEO,9/4/07,3/1/23,Executive Director,ZBRA,1,Anders Gustafsson
34134,1119554,Bryan Hanson,ZIMMER BIOMET HOLDINGS INC (Zimmer Holdings Inc prior to 06/2015),President/CEO,12/19/17,5/14/21,Executive Director,ZBH,1,Bryan Hanson
34139,57861,Harris Simmons,ZIONS BANCORPORATION NA (Zions Bancorporation prior to 10/2018),Chairman/CEO,3/4/14,C,Executive Director,ZB1,1,Harris Simmons
34139,57861,Harris Simmons,ZIONS BANCORPORATION NA (Zions Bancorporation prior to 10/2018),Chairman/CEO,3/4/14,C,Executive Director,ZION,1,Harris Simmons
35930,880948,Galen Weston Jr,LOBLAW COMPANIES LTD,Chairman (Executive),1/1/19,5/6/21,Executive Director,L,1,Galen Weston Jr
42640,483505,Adena Friedman,NASDAQ INC (NASDAQ OMX Group Inc prior to 09/2015),President/CEO,1/1/17,1/1/23,Executive Director,NDAQ,1,Adena Friedman
72259,1206037,Jean-Louis Servranckx,AECON GROUP INC,President/CEO,6/4/19,C,Executive Director,ARE,1,Jean-Louis Servranckx
78171,33852,Roger Hochschild,DISCOVER FINANCIAL SERVICES INC,President/CEO,10/1/18,8/14/23,Executive Director,DFS,1,Roger Hochschild
90132,1110512,Ritch Allison Jr,DOMINO'S PIZZA INC,CEO,7/1/18,4/26/22,Executive Director,DPZ,1,Ritch Allison Jr
93427,182088,Wilmot Hastings Jr,NETFLIX INC,Chairman/President/CEO,7/1/99,7/14/20,Executive Director,NFLX,1,Wilmot Hastings Jr
95856,1013356,Tom Greco,ADVANCE AUTO PARTS INC,President/CEO,8/14/16,9/11/23,Executive Director,AAP,1,Tom Greco
107377,1011736,Bill Nash,CARMAX INC,President/CEO,9/1/16,C,Executive Director,KMX,1,Bill Nash
116351,887679,Sundar Pichai,ALPHABET INC (Google Inc prior to 10/2015),CEO,12/3/19,C,Executive Director,GOOG,1,Sundar Pichai
116351,887679,Sundar Pichai,ALPHABET INC (Google Inc prior to 10/2015),CEO,12/3/19,C,Executive Director,GOOGL,1,Sundar Pichai
136226,488858,Matt Maddox,WYNN RESORTS LTD,CEO,5/29/19,1/31/22,Executive Director,WYNN,1,Matt Maddox
268946,91452,The Hon. Terry Duffy,CME GROUP INC (Chicago Mercantile Exchange Holdings Inc prior to 07/2007),Chairman/CEO,11/10/16,C,Executive Director,CME,1,The Hon. Terry Duffy
373917,346517,Kevin Sayer,DEXCOM INC,Chairman/President/CEO,7/30/18,C,Executive Director,DXCM,1,Kevin Sayer
440155,1694109,Michel Vounatsos,BIOGEN INC (Biogen Idec Inc prior to 03/2015),CEO,1/6/17,11/14/22,Executive Director,BIIB,1,Michel Vounatsos
463860,345185,Joe Holsten,LKQ CORPORATION INC,Chairman (Executive),3/6/17,5/10/22,Executive Director,LKQ,1,Joe Holsten
463860,1523271,Nick Zarcone,LKQ CORPORATION INC,President/CEO,5/31/17,C,Executive Director,LKQ,1,Nick Zarcone
465379,487099,Mary Dillon,ULTA BEAUTY INC (Ulta Salon Cosmetics & Fragrance Inc prior to 01/2017),CEO,7/1/13,6/2/21,Executive Director,ULTA,1,Mary Dillon
469152,533891,Alan Schnitzer,THE TRAVELERS COMPANIES INC (St Paul Travelers Companies Inc prior to 02/2007),Chairman/CEO,8/1/17,C,Executive Director,TRV,1,Alan Schnitzer
550049,488345,John Turner Jr,REGIONS FINANCIAL CORP,President/CEO,7/2/18,C,Executive Director,RF,1,John Turner Jr
550072,853893,Alan Colberg,ASSURANT INC,President/CEO,1/1/15,5/18/21,Executive Director,AIZ,1,Alan Colberg
550358,549793,Joc O'Rourke,MOSAIC CO,President/CEO,8/5/15,8/29/23,Executive Director,MOS,1,Joc O'Rourke
551122,446101,Rick McVey,MARKETAXESS HOLDINGS INC,Chairman/CEO,9/13/06,4/3/23,Executive Director,MKTX,1,Rick McVey
598752,1457763,Ryan Schneider,COMPUTER MODELLING GROUP LTD,President/CEO,7/12/18,5/10/22,Executive Director,CMG,1,Ryan Schneider
600874,375394,Joe Margolis,EXTRA SPACE STORAGE INC,CEO,5/18/17,C,Executive Director,EXR,1,Joe Margolis
603630,373289,Sheldon Adelson,LAS VEGAS SANDS CORP,Chairman/CEO/Treasurer,8/1/04,1/11/21,Executive Director,LVS,1,Sheldon Adelson
603809,331091,David Kassie,CANACCORD GENUITY GROUP INC (Canaccord Financial Inc prior to 10/2013),Chairman (Executive),10/1/15,C,Executive Director,CF,1,David Kassie
603809,1131095,Dan Daviau,CANACCORD GENUITY GROUP INC (Canaccord Financial Inc prior to 10/2013),President/CEO,10/1/15,C,Executive Director,CF,1,Dan Daviau
641924,374955,Bill Stein,DIGITAL REALTY TRUST INC,CEO,5/1/15,12/13/22,Executive Director,DLR,1,Bill Stein
643675,1966120,Gurm Sangha,FE BATTERY METALS CORP (First Energy Metals Ltd prior to 11/2022),President/CEO,3/26/18,C,Executive Director,,1,Gurm Sangha
643675,1966120,Gurm Sangha,FE BATTERY METALS CORP (First Energy Metals Ltd prior to 11/2022),President/CEO,3/26/18,C,Executive Director,FE,1,Gurm Sangha
660090,881227,Roger Krone,LEIDOS HOLDINGS INC (SAIC Inc prior to 09/2013),Chairman/CEO,3/20/15,5/3/23,Executive Director,LDOS,1,Roger Krone
664896,1248718,Mick Dilger,PEMBINA PIPELINE CORP,President/CEO,1/1/14,11/19/21,Executive Director,PPL,1,Mick Dilger
665753,534187,Tony Will,CF INDUSTRIES HLDGS INC,President/CEO,1/2/14,C,Executive Director,CF,1,Tony Will
667645,33676,Jim Cracchiolo,AMERIPRISE FINANCIAL INC,Chairman/CEO,9/30/05,C,Executive Director,AMP,1,Jim Cracchiolo
742530,1061537,Marz Kord-Gharachorloo,WALLBRIDGE MINING CO LTD,President/CEO,4/25/12,10/10/23,Executive Director,WM,1,Marz Kord-Gharachorloo
770141,33328,Barry Diller,EXPEDIA GROUP INC (Expedia Inc prior to 03/2018),Chairman (Executive),8/9/05,C,Executive Director,EXPE,1,Barry Diller
814633,551171,Michael Rapino,LIVE NATION ENTERTAINMENT INC (Live Nation Inc prior to 01/2010),President/CEO,1/1/18,C,Executive Director,LYV,1,Michael Rapino
815224,489174,Jeff Sprecher,INTERCONTINENTAL EXCHANGE INC (IntercontinentalExchange Group Inc prior to 05/2014),Chairman/CEO,11/1/02,C,Executive Director,ICE,1,Jeff Sprecher
817190,1046778,Bruno Wall,WALL FINANCIAL CORP,President/CEO/CFO/Treasurer,7/6/94,C,Executive Director,WFC,1,Bruno Wall
817439,102722,Hock Tan,BROADCOM INC (Broadcom Ltd prior to 04/2018),President/CEO,8/6/09,C,Executive Director,AVGO,1,Hock Tan
818089,512642,Nick Howley,TRANSDIGM GROUP INC,Chairman (Executive),4/26/18,8/6/21,Executive Director,TDG,1,Nick Howley
818089,895408,Doctor Kevin Stein,TRANSDIGM GROUP INC,President/CEO,4/26/18,C,Executive Director,TDG,1,Doctor Kevin Stein
840164,502258,Hikmet Ersek,WESTERN UNION CO,President/CEO,9/1/10,12/31/21,Executive Director,WU,1,Hikmet Ersek
862492,1519215,Shacey Petrovic,INSULET CORPORATION,President/CEO,1/1/19,6/1/22,Executive Director,PODD,1,Shacey Petrovic
867887,204347,Lynn Good,DUKE ENERGY CORP,Chairman/President/CEO,1/1/16,C,Executive Director,DUK,1,Lynn Good
882407,514830,Gerald Evans Jr,HANESBRANDS INC,CEO,10/1/16,8/3/20,Executive Director,HBI,1,Gerald Evans Jr
934640,35096,Rich Daly,BROADRIDGE FINANCIAL SOLUTIONS INC,Chairman (Executive),1/2/19,C,Executive Director,BR,1,Rich Daly
937594,33689,Al Kelly Jr,VISA INC,Chairman/CEO,4/16/19,2/1/23,Executive Director,V,1,Al Kelly Jr
1013530,204547,Jack Barnes,PEOPLE'S UNITED FINANCIAL INC (De-listed 04/2022),Chairman/CEO,6/26/18,4/4/22,Executive Director,PBCT,1,Jack Barnes
1013530,204547,Jack Barnes,PEOPLE'S UNITED FINANCIAL INC (De-listed 04/2022),Chairman/CEO,6/26/18,4/4/22,Executive Director,PBCTP,1,Jack Barnes
1016911,1379549,Mike McInnis,ABACUS MINING & EXPLORATION CORP (Abacus Minerals Corp prior to 04/2001),Chairman (Executive),11/1/17,C,Executive Director,AME,1,Mike McInnis
1027070,441971,John Begeman,I-80 GOLD CORP (Premier Gold Mines Ltd prior to 04/2021),Chairman (Executive),6/25/15,4/7/21,Executive Director,IAU,1,John Begeman
1027070,441971,John Begeman,I-80 GOLD CORP (Premier Gold Mines Ltd prior to 04/2021),Chairman (Executive),6/25/15,4/7/21,Executive Director,PG,1,John Begeman
1027070,732790,Ewan Downie,I-80 GOLD CORP (Premier Gold Mines Ltd prior to 04/2021),President/CEO,5/29/06,4/7/21,Executive Director,IAU,1,Ewan Downie
1027070,732790,Ewan Downie,I-80 GOLD CORP (Premier Gold Mines Ltd prior to 04/2021),President/CEO,5/29/06,4/7/21,Executive Director,PG,1,Ewan Downie
1041062,598481,Henry Fernandez,MSCI INC,Chairman/CEO,10/31/17,C,Executive Director,MSCI,1,Henry Fernandez
1057037,989294,Bob Gamgort Jr,KEURIG DR PEPPER INC (Dr Pepper Snapple Group Inc prior to 07/2018),Chairman/President/CEO,1/13/19,7/29/22,Executive Director,KDP,1,Bob Gamgort Jr
1060044,36791,André Calantzopoulos,PHILIP MORRIS INTERNATIONAL INC,CEO,5/8/13,5/5/21,Executive Director,PM,1,André Calantzopoulos
1195225,482389,Nick DeMare,EAST WEST PETROLEUM CORP (Avere Energy Inc prior to 08/2010),CFO/Secretary/Interim CEO,3/14/19,2/2/23,Executive Director,EW,1,Nick DeMare
1227085,735131,Tim Warman,FIORE GOLD LTD (Fiore Exploration Ltd prior to 09/2017) (De-listed 01/2022),CEO,9/25/17,1/12/22,Executive Director,F,1,Tim Warman
1243400,1664864,Doctor Lisa Crossley,RELIQ HEALTH TECHNOLOGIES INC (Moseda Technologies Inc prior to 05/2016),CEO,1/18/16,12/11/23,Executive Director,RHT,1,Doctor Lisa Crossley
1264297,730965,Mark Eaton,BELO SUN MINING CORP (Verena Minerals Corp prior to 07/2010),Chairman (Executive),8/15/14,C,Executive Director,BSX,1,Mark Eaton
1264297,790420,Peter Tagliamonte,BELO SUN MINING CORP (Verena Minerals Corp prior to 07/2010),President/CEO,8/15/14,C,Executive Director,BSX,1,Peter Tagliamonte
1336232,842949,Doctor Ken Cai,MINCO CAPITAL CORP (Minco Gold Corp prior to 02/2019),Chairman/CEO,6/28/17,6/4/20,Executive Director,MMM,1,Doctor Ken Cai
1562505,2413290,Paddy Nicol,OROGEN ROYALTIES INC (Evrim Resources Corp prior to 08/2020),President/CEO,1/25/11,8/18/20,Executive Director,OGN,1,Paddy Nicol
1586724,982579,Scott Stephenson,VERISK ANALYTICS INC,Chairman/President/CEO,4/1/16,5/5/22,Executive Director,VRSK,1,Scott Stephenson
1604377,2121957,Marvin Haasen,MADISON PACIFIC PROPERTIES INC,President/CEO,11/1/12,7/17/23,Executive Director,MPC,1,Marvin Haasen
1604377,2121957,Marvin Haasen,MADISON PACIFIC PROPERTIES INC,President/CEO,11/1/12,7/17/23,Executive Director,MPC.C,1,Marvin Haasen
1605214,487710,Todd Vasos,DOLLAR GENERAL CORP,CEO,6/3/15,11/1/22,Executive Director,DG,1,Todd Vasos
1606380,1055310,Ken Xie,FORTINET INC,Chairman/CEO,11/11/13,C,Executive Director,FTNT,1,Ken Xie
1630130,1385042,Marc Rossiter,ENERFLEX LTD,President/CEO,5/3/19,C,Executive Director,EFX,1,Marc Rossiter
1647824,1058282,Ed Tilly,CBOE GLOBAL MARKETS INC (CBOE Holdings Inc prior to 10/2017),Chairman/President/CEO,1/14/19,5/12/22,Executive Director,CBOE,1,Ed Tilly
1650150,1090701,Elon Musk,TESLA INC (Tesla Motors Inc prior to 02/2017),CEO,11/7/18,C,Executive Director,TSLA,1,Elon Musk
1661731,334487,Tom Rutledge,CHARTER COMMUNICATIONS INC (Spectrum),Chairman/CEO,7/26/16,11/30/22,Executive Director,CHTR,1,Tom Rutledge
1667126,1092110,Bob Patel,LYONDELLBASELL INDUSTRIES NV,CEO,6/1/18,12/31/21,Executive Director,LYB,1,Bob Patel
1673114,892349,Mary Barra,GENERAL MOTORS CO,Chair/CEO,1/4/16,C,Executive Director,GM,1,Mary Barra
1677118,1058760,Ron Clarke,FLEETCOR TECHNOLOGIES INC,Chairman/President/CEO,12/15/10,C,Executive Director,FLT,1,Ron Clarke
1681880,1060498,Stephen Liptrap,LIFEWORKS INC (Morneau Shepell Inc prior to 05/2021) (De-listed 09/2022),President/CEO,5/4/17,9/2/22,Executive Director,LWRK,1,Stephen Liptrap
1681880,1060498,Stephen Liptrap,LIFEWORKS INC (Morneau Shepell Inc prior to 05/2021) (De-listed 09/2022),President/CEO,5/4/17,9/2/22,Executive Director,MSI,1,Stephen Liptrap
1684303,140602,David Kenny,NIELSEN HOLDINGS PLC (Nielsen NV prior to 08/2015) (De-listed 10/2022),CEO/Chief Diversity Officer,1/1/19,3/23/21,Executive Director,,1,David Kenny
1684303,140602,David Kenny,NIELSEN HOLDINGS PLC (Nielsen NV prior to 08/2015) (De-listed 10/2022),CEO/Chief Diversity Officer,1/1/19,3/23/21,Executive Director,NLSN,1,David Kenny
1687673,38016,Rich Kinder,KINDER MORGAN INC (Kinder Morgan Holdco LLC prior to 02/2011),Chairman (Executive),6/1/15,C,Executive Director,KMI,1,Rich Kinder
1687673,480557,Steve Kean,KINDER MORGAN INC (Kinder Morgan Holdco LLC prior to 02/2011),CEO,4/18/18,8/1/23,Executive Director,KMI,1,Steve Kean
1692837,35175,Sam Hazen,HCA HEALTHCARE INC (HCA Holdings Inc prior to 05/2017),CEO,1/1/19,C,Executive Director,HCA,1,Sam Hazen
1694757,487356,Mike Petters,HUNTINGTON INGALLS INDUSTRIES INC,President/CEO,3/31/11,3/1/22,Executive Director,HII,1,Mike Petters
1719568,1248755,Bob Espey,PARKLAND CORP (Parkland Fuel Corp prior to 05/2020),President/CEO,5/12/11,C,Executive Director,PKI,1,Bob Espey
1731107,598774,Patrick Decker,XYLEM INC,President/CEO,3/17/14,12/31/23,Executive Director,XYL,1,Patrick Decker
1792078,1061422,John Black,REGULUS RESOURCES INC,CEO,9/30/14,C,Executive Director,REG,1,John Black
1796199,1059890,Arkadiy Dobkin,EPAM SYSTEMS INC,Chairman/President/CEO,2/8/12,C,Executive Director,EPAM,1,Arkadiy Dobkin
1806144,1194094,Joey St-Aubin,CANLAN ICE SPORTS CORP (Canlan Investment Ltd prior to 08/1999),President/CEO,3/6/09,C,Executive Director,ICE,1,Joey St-Aubin
1807060,1892119,Gil Holzman,ECO ATLANTIC OIL & GAS LTD (Goldbard Capital Corp prior to 11/2011),President/CEO,11/25/11,C,Executive Director,EOG,1,Gil Holzman
1810090,1197971,Badri Kothandaraman,ENPHASE ENERGY INC,President/CEO,9/3/17,C,Executive Director,ENPH,1,Badri Kothandaraman
1813482,1089975,Greg Garland,PHILLIPS 66,Chairman/CEO,6/1/14,7/1/22,Executive Director,PSX,1,Greg Garland
1820060,646335,Mark Zuckerberg,META PLATFORMS INC (Facebook Inc prior to 11/2021),Chairman/CEO,5/18/12,C,Executive Director,META,1,Mark Zuckerberg
1830138,206474,Bill McDermott,SERVICENOW INC,President/CEO,11/18/19,10/25/22,Executive Director,NOW,1,Bill McDermott
1894801,554070,Mike Zahra,DRONE DELIVERY CANADA CORP (Asher Resources Corp prior to 06/2016),President/CEO,6/10/19,2/22/22,Executive Director,FLT,1,Mike Zahra
1895607,1277021,Travis Stice,DIAMONDBACK ENERGY INC,CEO,1/1/17,2/22/22,Executive Director,FANG,1,Travis Stice
1921326,33494,Rick Gonzalez,ABBVIE INC,Chairman/CEO,1/2/13,C,Executive Director,ABBV,1,Rick Gonzalez
1925428,1451131,Frank Del Rio,NORWEGIAN CRUISE LINE HOLDINGS LTD,President/CEO,8/4/15,6/30/23,Executive Director,NCLH,1,Frank Del Rio
1951118,33049,Ari Bousbib,IQVIA HOLDINGS INC (Quintiles IMS Holdings Inc prior to 11/2017),Chairman/President/CEO,10/3/16,C,Executive Director,IQV,1,Ari Bousbib
1961452,452866,Chris Leahy,CDW CORP,President/CEO,1/1/19,1/5/23,Executive Director,CDW,1,Chris Leahy
1962516,1282519,Robert Thomson,NEWS CORP,CEO,6/28/13,C,Executive Director,NWS,1,Robert Thomson
1962516,1282519,Robert Thomson,NEWS CORP,CEO,6/28/13,C,Executive Director,NWSA,1,Robert Thomson
1984540,2418090,Doctor Leslie Klein,C-COM SATELLITE SYSTEMS INC,President/CEO,8/15/00,C,Executive Director,CMI,1,Doctor Leslie Klein
1985284,2589083,Alen Silverrstieen,IMAGINEAR INC (Imagination Park Technologies Inc prior to 04/2020),President/CEO,3/1/19,1/1/21,Executive Director,IP,1,Alen Silverrstieen
1985899,2390887,Bernard Tourillon,HPQ SILICON INC (HPQ Silicon Resources Inc prior to 07/2022),Chairman/President/CEO,1/1/18,C,Executive Director,,1,Bernard Tourillon
1985899,2390887,Bernard Tourillon,HPQ SILICON INC (HPQ Silicon Resources Inc prior to 07/2022),Chairman/President/CEO,1/1/18,C,Executive Director,HPQ,1,Bernard Tourillon
1986420,1852520,Graeme Lempriere,CLEAN SEED CAPITAL GROUP LTD,Chairman/CEO,10/16/18,C,Executive Director,CSX,1,Graeme Lempriere
1987496,1607052,Hamed Shahbazi,WELL HEALTH TECHNOLOGIES CORP (Wellness Lifestyles Inc prior to 07/2018),Chairman/CEO,5/23/18,C,Executive Director,WELL,1,Hamed Shahbazi
1987552,735008,Steve Finch,CANADIAN BANC CORP,Chairman/President/CEO,7/15/05,C,Executive Director,BK,1,Steve Finch
1987627,2784754,James Paterson,DECISIVE DIVIDEND CORP,Chairman/CEO,9/24/13,5/31/21,Executive Director,DE,1,James Paterson
2006706,334036,Omid Kordestani,TWITTER INC (De-listed 10/2022),Chairman (Executive),10/13/15,6/1/20,Executive Director,TWTR,1,Omid Kordestani
2006706,1132809,Jack Dorsey,TWITTER INC (De-listed 10/2022),CEO,9/30/15,11/29/21,Executive Director,TWTR,1,Jack Dorsey
2021732,273457,Doug Parker Jr,AMERICAN AIRLINES GROUP INC (AMR Corp prior to 12/2013),Chairman/CEO,6/4/14,3/31/22,Executive Director,AAL,1,Doug Parker Jr
2022926,180239,Chris Nassetta,HILTON WORLDWIDE HOLDINGS INC,President/CEO,12/12/13,C,Executive Director,HLT,1,Chris Nassetta
2034565,1537148,William Trainer,VICINITY MOTOR CORP (Grande West Transportation Group Inc prior to 03/2021),President/CEO,8/26/19,C,Executive Director,VMC,1,William Trainer
2061294,1388163,Chad Richison,PAYCOM SOFTWARE INC,Chairman/President/CEO,8/1/16,2/7/24,Executive Director,PAYC,1,Chad Richison
2073894,201466,Doctor Andy von Bechtolsheim,ARISTA NETWORKS INC,Chairman/Chief Development Officer,5/18/15,12/1/23,Executive Director,ANET,1,Doctor Andy von Bechtolsheim
2073894,765053,Jayshree Ullal,ARISTA NETWORKS INC,President/CEO,6/6/14,12/1/23,Executive Director,ANET,1,Jayshree Ullal
2129696,1047323,John Chiminski,CATALENT INC,Chairman/CEO,2/13/19,7/1/22,Executive Director,CTLT,1,John Chiminski
2129744,1111132,Margaret Keane,SYNCHRONY FINANCIAL,CEO,5/2/19,4/1/21,Executive Director,SYF,1,Margaret Keane
2150201,35815,Bruce van Saun,CITIZENS FINANCIAL GROUP INC,Chairman/CEO,9/24/14,C,Executive Director,CFG,1,Bruce van Saun
2163313,598783,Ron Nersesian,KEYSIGHT TECHNOLOGIES INC,Chairman/President/CEO,11/1/19,5/1/22,Executive Director,KEYS,1,Ron Nersesian
2204149,181113,Bob Bruggeworth,QORVO INC,President/CEO,1/2/15,C,Executive Director,QRVO,1,Bob Bruggeworth
2236759,765386,Josh Silverman,ETSY INC,President/CEO,5/3/17,C,Executive Director,ETSY,1,Josh Silverman
2302775,325766,Steve Voorhees,WESTROCK CO,President/CEO,7/1/15,3/15/21,Executive Director,WRK,1,Steve Voorhees
2308850,54611,Dan Schulman,PAYPAL HOLDINGS INC,President/CEO,7/17/15,9/27/23,Executive Director,PYPL,1,Dan Schulman
2358912,1192124,Antonio Neri,HEWLETT PACKARD ENTERPRISE CO,President/CEO,2/1/18,C,Executive Director,HPE,1,Antonio Neri
2429185,2127717,Mark Goliger,META GROWTH CORP (National Access Cannabis Corp prior to 03/2020) (De-listed 11/2020),CEO,9/10/18,11/18/20,Executive Director,,1,Mark Goliger
2429185,2127717,Mark Goliger,META GROWTH CORP (National Access Cannabis Corp prior to 03/2020) (De-listed 11/2020),CEO,9/10/18,11/18/20,Executive Director,META,1,Mark Goliger
2482889,372492,Jim Lico,FORTIVE CORP,President/CEO,7/2/16,C,Executive Director,FTV,1,Jim Lico
2558653,1595178,Tom Werner,LAMB WESTON HOLDINGS INC,President/CEO,11/9/16,C,Executive Director,LW,1,Tom Werner
2607907,1862251,Dallas Tanner,INVITATION HOMES INC,President/CEO,1/16/19,3/1/23,Executive Director,INVH,1,Dallas Tanner
2656398,1912562,Vicente Reynal,INGERSOLL RAND INC (Gardner Denver Holdings Inc prior to 03/2020),President/CEO,5/12/17,11/9/21,Executive Director,IR,1,Vicente Reynal
2667306,1480332,Matt Lennox-King,CONTACT GOLD CORP (Winwell Ventures Inc prior to 06/2017),President/CEO,6/7/17,C,Executive Director,C,1,Matt Lennox-King
2686564,2235636,Jason Sparaga,SPARK POWER GROUP INC (Canaccord Genuity Acquisition Corp prior to 09/2018) (De-listed 12/2023),Co-CEO,8/31/18,1/5/21,Executive Director,SPG,1,Jason Sparaga
2686564,2239576,Andrew Clark,SPARK POWER GROUP INC (Canaccord Genuity Acquisition Corp prior to 09/2018) (De-listed 12/2023),Co-CEO,8/31/18,1/5/21,Executive Director,SPG,1,Andrew Clark
2771146,648089,Ed Pitoniak,VICI PROPERTIES INC,CEO,2/1/18,C,Executive Director,VICI,1,Ed Pitoniak
2824528,345671,Terry Bassham,EVERGY INC,President/CEO,6/5/18,1/4/21,Executive Director,EVRG,1,Terry Bassham
2957858,1374341,Charles Bachtell,CRESCO LABS INC,CEO,12/3/18,C,Executive Director,CL,1,Charles Bachtell
2959246,507530,Stéphane Bancel,MODERNA INC,CEO,12/7/18,C,Executive Director,MRNA,1,Stéphane Bancel
2978540,655507,Fiore Aliperti,ETRUSCUS RESOURCES CORP,Chairman (Executive),1/15/19,11/23/21,Executive Director,ETR,1,Fiore Aliperti
2978540,2141493,Gordon Lam,ETRUSCUS RESOURCES CORP,President/CEO,1/15/19,7/1/21,Executive Director,ETR,1,Gordon Lam
3010375,4799,Keith Murdoch,FOX CORP,Chairman,3/19/19,11/17/23,Executive Director,FOX,1,Keith Murdoch
3010375,4799,Keith Murdoch,FOX CORP,Chairman,3/19/19,11/17/23,Executive Director,FOXA,1,Keith Murdoch
3010375,15156,Lachlan Murdoch,FOX CORP,Chair (Executive)/CEO,3/19/19,C,Executive Director,FOX,1,Lachlan Murdoch
3010375,15156,Lachlan Murdoch,FOX CORP,Chair (Executive)/CEO,3/19/19,C,Executive Director,FOXA,1,Lachlan Murdoch
3039776,1010737,Jim Collins Jr,CORTEVA INC,CEO,6/3/19,11/1/21,Executive Director,CTVA,1,Jim Collins Jr