3num,tic,3CompanyID,3DirectorID,3DirectorName,3CompanyName,3RoleName,3DateStartRole,3DateEndRole,3Seniority,Active2020_May26_Dec31,RoleType,3FirstName,3LastName
1,6MK,27219,31551,Ken Frazier,MERCK & CO INC (Schering-Plough Corp prior to 11/2009),Chairman/President/CEO,12/1/11,4/1/21,Executive Director,Yes,CEO,Ken,Frazier
2,A,1060,598782,Mike McMullen,AGILENT TECHNOLOGIES INC,President/CEO,3/18/15,,Executive Director,Yes,CEO,Mike,McMullen
3,AAL,2021732,273457,Doug Parker Jr,AMERICAN AIRLINES GROUP INC (AMR Corp prior to 12/2013),Chairman/CEO,6/4/14,3/31/22,Executive Director,Yes,CEO,Doug,Parker Jr
4,AAP,95856,1013356,Tom Greco,ADVANCE AUTO PARTS INC,President/CEO,8/14/16,9/11/23,Executive Director,Yes,CEO,Tom,Greco
5,AAPL,2355,55422,Tim Cook,APPLE INC (Apple Computer Inc prior to 01/2007),CEO,8/24/11,,Executive Director,Yes,CEO,Tim,Cook
6,ABBV,1921326,33494,Rick Gonzalez,ABBVIE INC,Chairman/CEO,1/2/13,,Executive Director,Yes,CEO,Rick,Gonzalez
7,ABMD,481,336173,Mike Minogue,ABIOMED INC (De-listed 12/2022),Chairman/President/CEO,6/15/05,12/22/22,Executive Director,Yes,CEO,Mike,Minogue
8,ADBE,808,49351,Shantanu Narayen,ADOBE INC (Adobe Systems Inc prior to 10/2018),Chairman/President/CEO,1/27/17,1/13/22,Executive Director,Yes,CEO,Shantanu,Narayen
9,ADI,2145,35469,Vincent Roche,ANALOG DEVICES INC,President/CEO,5/6/13,3/9/22,Executive Director,Yes,CEO,Vincent,Roche
10,ADM,2490,890753,Juan Luciano,ARCHER-DANIELS-MIDLAND CO,Chairman/President/CEO,1/1/16,,Executive Director,Yes,CEO,Juan,Luciano
11,ADP,3101,745222,Carlos Rodriguez,AUTOMATIC DATA PROCESSING INC (ADP),President/CEO,11/8/11,1/1/22,Executive Director,Yes,CEO,Carlos,Rodriguez
12,ADSK,3118,1203207,Doctor Andrew Anagnost,AUTODESK INC,President/CEO,6/19/17,1/19/21,Executive Director,Yes,CEO,Andrew,Anagnost
13,AEE,1976,51707,Warner Baxter,AMEREN CORP,Chairman/President/CEO,7/1/14,1/1/22,Executive Director,Yes,CEO,Warner,Baxter
14,AEP,1809,533555,Nick Akins,AMERICAN ELECTRIC POWER CO INC,Chairman/President/CEO,1/1/14,8/10/22,Executive Director,Yes,CEO,Nick,Akins
15,AES,979,452889,Doctor Andres Gluski Weilert,AES CORP,President/CEO,9/30/11,,Executive Director,Yes,CEO,Andres,Weilert
16,AIV,2310,87112,The Hon. Terry Considine,APARTMENT INVESTMENT & MANAGEMENT CO (AIMCO),Chairman/CEO,2/10/09,12/15/20,Executive Director,Yes,CEO,Terry,Considine
17,AIZ,550072,853893,Alan Colberg,ASSURANT INC,President/CEO,1/1/15,5/18/21,Executive Director,Yes,CEO,Alan,Colberg
18,AJG,12761,81627,Pat Gallagher Jr,ARTHUR J GALLAGHER & CO,Chairman/President/CEO,10/19/06,1/1/24,Executive Director,Yes,CEO,Pat,Gallagher Jr
19,AKAM,1221,183176,Doctor Tom Leighton,AKAMAI TECHNOLOGIES INC,CEO,1/1/13,,Executive Director,Yes,CEO,Tom,Leighton
20,ALGN,1384,32461,Joe Hogan,ALIGN TECHNOLOGY INC,President/CEO,6/1/15,,Executive Director,Yes,CEO,Joe,Hogan
21,ALK,1273,220505,Brad Tilden,ALASKA AIR GROUP INC,Chairman/President/CEO,1/1/14,3/31/21,Executive Director,Yes,CEO,Brad,Tilden
22,ALL,1534,34944,Tom Wilson II,ALLSTATE CORP,Chairman/President/CEO,2/23/18,,Executive Director,Yes,CEO,Tom,Wilson II
23,ALXN,1355,1077323,Doctor Ludwig Hantson,ALEXION PHARMACEUTICALS INC (De-listed 07/2021),CEO,3/27/17,7/21/21,Executive Director,Yes,CEO,Ludwig,Hantson
24,AMAT,2382,50901,Gary Dickerson,APPLIED MATERIALS INC,President/CEO,9/1/13,,Executive Director,Yes,CEO,Gary,Dickerson
25,AMD,881,542142,Doctor Lisa Su,ADVANCED MICRO DEVICES INC (AMD),President/CEO,10/8/14,2/14/22,Executive Director,Yes,CEO,Lisa,Su
26,AME,2058,205055,David Zapico,AMETEK INC,Chairman/CEO,7/7/17,,Executive Director,Yes,CEO,David,Zapico
27,AMGN,2068,534543,Bob Bradway,AMGEN INC,Chairman/President/CEO,1/1/13,,Executive Director,Yes,CEO,Bob,Bradway
28,AMP,667645,33676,Jim Cracchiolo,AMERIPRISE FINANCIAL INC,Chairman/CEO,9/30/05,,Executive Director,Yes,CEO,Jim,Cracchiolo
29,AMZN,1703,45136,Jeff Bezos,AMAZON.COM INC,Chairman/President/CEO,10/1/00,7/5/21,Executive Director,Yes,CEO,Jeff,Bezos
30,ANET,2073894,765053,Jayshree Ullal,ARISTA NETWORKS INC,President/CEO,6/6/14,12/1/23,Executive Director,Yes,CEO,Jayshree,Ullal
31,ANSS,2257,545851,Doctor Ajei Gopal,ANSYS INC,President/CEO,1/1/17,,Executive Director,Yes,CEO,Ajei,Gopal
32,AOS,28304,1302544,Kevin Wheeler,SMITH (AO) CORP,President/CEO,9/1/18,5/1/20,Executive Director,No,CEO,Kevin,Wheeler
33,APA,2307,535064,John Christmann IV,APA CORP (Apache Corp prior to 03/2021),President/CEO,1/20/15,1/1/24,Executive Director,Yes,CEO,John,Christmann IV
34,APD,1173,24391,Seifi Ghasemi,AIR PRODUCTS & CHEMICALS INC,Chairman/President/CEO,7/1/14,,Executive Director,Yes,CEO,Seifi,Ghasemi
35,APH,2100,496788,Richard Norwitt,AMPHENOL CORP,President/CEO,1/5/09,,Executive Director,Yes,CEO,Richard,Norwitt
36,ARE,72259,1206037,Jean-Louis Servranckx,AECON GROUP INC,President/CEO,6/4/19,,Executive Director,Yes,CEO,Jean-Louis,Servranckx
37,ATO,2963,806085,John Akers,ATMOS ENERGY CORP,President/CEO,10/1/19,,Executive Director,Yes,CEO,John,Akers
38,ATVI,725,69696,Bobby Kotick,ACTIVISION BLIZZARD INC (De-listed 10/2023),CEO,6/26/17,10/13/23,Executive Director,Yes,CEO,Bobby,Kotick
39,AVB,3169,204883,Tim Naughton,AVALONBAY COMMUNITIES INC,Chairman/President/CEO,5/22/13,2/1/21,Executive Director,Yes,CEO,Tim,Naughton
40,AVGO,817439,102722,Hock Tan,BROADCOM INC (Broadcom Ltd prior to 04/2018),President/CEO,8/6/09,,Executive Director,Yes,CEO,Hock,Tan
41,AVY,3210,530989,Mitch Butier,AVERY DENNISON CORP,Chairman/President/CEO,4/25/19,2/28/22,Executive Director,Yes,CEO,Mitch,Butier
42,AXP,1815,455385,Steve Squeri,AMERICAN EXPRESS CO,Chairman/CEO,2/1/18,,Executive Director,Yes,CEO,Steve,Squeri
43,AZO,3154,49966,Bill Rhodes III,AUTOZONE INC,Chairman/President/CEO,6/6/07,1/2/24,Executive Director,Yes,CEO,Bill,Rhodes III
44,BAC,4504,35043,Brian Moynihan,BANK OF AMERICA CORP,Chair/President/CEO,10/1/14,,Executive Director,Yes,CEO,Brian,Moynihan
45,BALL,3439,456592,John Hayes,BALL CORP,Chairman/President/CEO,4/24/13,1/1/21,Executive Director,Yes,CEO,John,Hayes
46,BAX,3684,327852,Joe Almeida,BAXTER INTERNATIONAL INC,Chairman/President/CEO,1/1/16,,Executive Director,Yes,CEO,Joe,Almeida
47,BBT.PRG,3718,39271,Kelly King,TRUIST FINANCIAL CORP (BB&T Corp prior to 12/2019),Chairman/CEO,12/20/16,9/12/21,Executive Director,Yes,CEO,Kelly,King
48,BBT.PRH,3718,39271,Kelly King,TRUIST FINANCIAL CORP (BB&T Corp prior to 12/2019),Chairman/CEO,12/20/16,9/12/21,Executive Director,Yes,CEO,Kelly,King
49,BBWI,18892,53436,Leslie Wexner,BATH & BODY WORKS INC (L Brands Inc prior to 08/2021),Chairman/CEO,1/1/02,5/14/20,Executive Director,No,CEO,Leslie,Wexner
50,BBY,4118,1713009,Corie Barry,BEST BUY CO INC,CEO,6/11/19,,Executive Director,Yes,CEO,Corie,Barry
51,BF.B,5210,1113025,Lawson Whiting,BROWN FORMAN CORP,President/CEO,3/28/19,,Executive Director,Yes,CEO,Lawson,Whiting
52,BG,5320,500231,Greg Heckman,BUNGE GLOBAL SA (Bunge Ltd prior to 11/2023),CEO,4/25/19,,Executive Director,Yes,CEO,Greg,Heckman
53,BIIB,440155,1694109,Michel Vounatsos,BIOGEN INC (Biogen Idec Inc prior to 03/2015),CEO,1/6/17,11/14/22,Executive Director,Yes,CEO,Michel,Vounatsos
54,BIO,4311,181631,Norman Schwartz,BIO RAD LABORATORIES INC,Chairman/President/CEO,1/1/12,,Executive Director,Yes,CEO,Norman,Schwartz
55,BK,1987552,735008,Steve Finch,CANADIAN BANC CORP,Chairman/President/CEO,7/15/05,,Executive Director,Yes,CEO,Steve,Finch
56,BKNG,25022,549248,Glenn Fogel,BOOKING HOLDINGS INC (Priceline Group Inc (The) prior to 02/2018),President/CEO/Division CEO,6/26/19,,Executive Director,Yes,CEO,Glenn,Fogel
57,BKR,3415,641184,Lorenzo Simonelli,BAKER HUGHES CO (Baker Hughes a GE Co prior to 10/2019),Chairman/President/CEO,10/2/17,,Executive Director,Yes,CEO,Lorenzo,Simonelli
58,BLK,4584,140463,Larry Fink,BLACKROCK INC,Chairman/CEO,1/1/98,,Executive Director,Yes,CEO,Larry,Fink
59,BMY,5118,857412,Doctor Giovanni Caforio,BRISTOL-MYERS SQUIBB CO,Chairman/CEO,5/2/17,11/1/23,Executive Director,Yes,CEO,Giovanni,Caforio
60,BRK.B,4080,32543,Warren Buffett,BERKSHIRE HATHAWAY INC,Chairman/CEO,1/1/70,,Executive Director,No,CEO,Warren,Buffett
61,BSX,4865,879252,Mike Mahoney,BOSTON SCIENTIFIC CORP,Chairman/President/CEO,5/3/16,,Executive Director,Yes,CEO,Mike,Mahoney
62,BWA,4839,1195691,Frederic Lissalde,BORGWARNER INC,President/CEO,8/1/18,,Executive Director,Yes,CEO,Frederic,Lissalde
63,BXP,4863,491901,Owen Thomas,BOSTON PROPERTIES INC,CEO,4/2/13,5/19/22,Executive Director,Yes,CEO,Owen,Thomas
64,C,6930,604908,Mike Corbat,CITIGROUP INC,CEO,10/15/12,2/26/21,Executive Director,Yes,CEO,Mike,Corbat
65,CAG,7619,837621,Sean Connolly,CONAGRA BRANDS INC (Conagra Foods Inc prior to 11/2016),President/CEO,4/6/15,,Executive Director,Yes,CEO,Sean,Connolly
66,CAH,5811,517277,Mike Kaufmann,CARDINAL HEALTH INC,CEO,9/1/19,9/1/22,Executive Director,Yes,CEO,Mike,Kaufmann
67,CAO,7619,837621,Sean Connolly,CONAGRA BRANDS INC (Conagra Foods Inc prior to 11/2016),President/CEO,4/6/15,,Executive Director,Yes,CEO,Sean,Connolly
68,CAT,6052,1079119,Jim Umpleby III,CATERPILLAR INC,Chairman/CEO,12/12/18,,Executive Director,Yes,CEO,Jim,Umpleby III
69,CBOE,1647824,1058282,Ed Tilly,CBOE GLOBAL MARKETS INC (CBOE Holdings Inc prior to 10/2017),Chairman/President/CEO,1/14/19,5/12/22,Executive Director,Yes,CEO,Ed,Tilly
70,CBRE,6083,272769,Bob Sulentic,CBRE GROUP INC (CB Richard Ellis Group Inc prior to 10/2011),President/CEO,12/1/12,11/17/23,Executive Director,Yes,CEO,Bob,Sulentic
71,CCI,8304,620002,Jay Brown,CROWN CASTLE INC (Crown Castle International Corp prior to 08/2022),President/CEO,6/1/16,1/16/24,Executive Director,Yes,CEO,Jay,Brown
72,CCL,5867,35264,Arnold Donald,CARNIVAL CORP,President/CEO,7/3/13,1/1/22,Executive Director,Yes,CEO,Arnold,Donald
73,CCORF,603809,1131095,Dan Daviau,CANACCORD GENUITY GROUP INC (Canaccord Financial Inc prior to 10/2013),President/CEO,10/1/15,,Executive Director,Yes,CEO,Dan,Daviau
74,CCZ,7387,35803,Brian Roberts,COMCAST CORP (AT&T Comcast Corp prior to 11/2002),Chairman/President/CEO,5/25/04,10/11/22,Executive Director,Yes,CEO,Brian,Roberts
75,CDNS,5480,182411,Lip-Bu Tan,CADENCE DESIGN SYSTEMS INC,CEO,11/16/17,12/15/21,Executive Director,Yes,CEO,Lip-Bu,Tan
76,CDW,1961452,452866,Chris Leahy,CDW CORP,President/CEO,1/1/19,1/5/23,Executive Director,Yes,CEO,Chris,Leahy
77,CERN,6375,1370253,D Shafer,CERNER CORP (De-listed 06/2022),Chairman/CEO,2/1/18,10/1/21,Executive Director,Yes,CEO,D,Shafer
78,CF,665753,534187,Tony Will,CF INDUSTRIES HLDGS INC,President/CEO,1/2/14,,Executive Director,Yes,CEO,Tony,Will
79,CFG,2150201,35815,Bruce van Saun,CITIZENS FINANCIAL GROUP INC,Chairman/CEO,9/24/14,,Executive Director,Yes,CEO,Bruce,van Saun
80,CHD,6779,336620,Matthew Farrell,CHURCH & DWIGHT CO INC,Chairman/President/CEO,5/2/19,,Executive Director,Yes,CEO,Matthew,Farrell
81,CHRW,6438,1656763,Bob Biesterfeld Jr,CH ROBINSON WORLDWIDE INC,President/CEO,5/9/19,12/31/22,Executive Director,Yes,CEO,Bob,Biesterfeld Jr
82,CHTR,1661731,334487,Tom Rutledge,CHARTER COMMUNICATIONS INC (Spectrum),Chairman/CEO,7/26/16,11/30/22,Executive Director,Yes,CEO,Tom,Rutledge
83,CI,6837,486024,David Cordani,THE CIGNA GROUP (Cigna Corp prior to 02/2023),President/CEO,12/25/09,1/1/22,Executive Director,Yes,CEO,David,Cordani
84,CINF,6863,270963,Steve Johnston,CINCINNATI FINANCIAL CORP,President/CEO,5/2/11,5/2/20,Executive Director,No,CEO,Steve,Johnston
85,CIS,6908,536628,Chuck Robbins,CISCO SYSTEMS INC,Chair/CEO,12/11/17,,Executive Director,Yes,CEO,Chuck,Robbins
86,CL,2957858,1374341,Charles Bachtell,CRESCO LABS INC,CEO,12/3/18,,Executive Director,Yes,CEO,Charles,Bachtell
87,CLX,7089,750963,Benno Dorer,CLOROX COMPANY (THE),Chairman/CEO,8/15/16,9/14/20,Executive Director,Yes,CEO,Benno,Dorer
88,CMC,17528,33908,Jamie Dimon,JPMORGAN CHASE & CO,Chairman/CEO,1/30/18,,Executive Director,Yes,CEO,Jamie,Dimon
89,CMCSA,7387,35803,Brian Roberts,COMCAST CORP (AT&T Comcast Corp prior to 11/2002),Chairman/President/CEO,5/25/04,10/11/22,Executive Director,Yes,CEO,Brian,Roberts
90,CME,268946,91452,The Hon. Terry Duffy,CME GROUP INC (Chicago Mercantile Exchange Holdings Inc prior to 07/2007),Chairman/CEO,11/10/16,,Executive Director,Yes,CEO,Terry,Duffy
91,CMG,598752,1457763,Ryan Schneider,COMPUTER MODELLING GROUP LTD,President/CEO,7/12/18,5/10/22,Executive Director,Yes,CEO,Ryan,Schneider
92,CMI,8426,203776,Tom Linebarger,CUMMINS INC,Chairman/CEO,1/1/12,8/1/22,Executive Director,Yes,CEO,Tom,Linebarger
93,CMS,7147,1094129,Patti Poppe,CMS ENERGY CORP,President/CEO,7/1/16,12/1/20,Executive Director,Yes,CEO,Patti,Poppe
94,CNC,6261,201946,Michael Neidorff,CENTENE CORP,Chairman/President/CEO,4/23/19,9/7/21,Executive Director,Yes,CEO,Michael,Neidorff
95,COF,5734,48786,Rich Fairbank,CAPITAL ONE FINANCIAL CORP,Chairman/CEO,4/24/03,,Executive Director,Yes,CEO,Rich,Fairbank
96,COO,7836,517326,Al White III,COOPER COMPANIES INC,President/CEO,5/1/18,,Executive Director,Yes,CEO,Al,White III
97,COP,24355,486834,Ryan Lance,CONOCOPHILLIPS COMPANY,Chairman/CEO,5/1/12,,Executive Director,Yes,CEO,Ryan,Lance
98,COST,8022,43701,W Jelinek,COSTCO WHOLESALE CORP,President/CEO,1/1/12,2/2/22,Executive Director,Yes,CEO,W,Jelinek
99,CPB,5620,1122227,Mark Clouse,CAMPBELL SOUP CO,President/CEO,1/22/19,,Executive Director,Yes,CEO,Mark,Clouse
100,CPRT,7852,183351,Jay Adair,COPART INC,CEO,2/12/10,4/1/22,Executive Director,Yes,CEO,Jay,Adair
101,CSCO,6908,536628,Chuck Robbins,CISCO SYSTEMS INC,Chair/CEO,12/11/17,,Executive Director,Yes,CEO,Chuck,Robbins
102,CSG,7147,1094129,Patti Poppe,CMS ENERGY CORP,President/CEO,7/1/16,12/1/20,Executive Director,Yes,CEO,Patti,Poppe
103,CSGP,8021,201870,Andy Florance,COSTAR GROUP INC,President/CEO,1/1/95,,Executive Director,Yes,CEO,Andy,Florance
104,CSX,8383,331094,Jim Foote,CSX CORP,President/CEO,12/22/17,9/26/22,Executive Director,Yes,CEO,Jim,Foote
105,CTAS,6877,38311,Scott Farmer,CINTAS CORP,Chairman/CEO,9/30/16,5/31/21,Executive Director,Yes,CEO,Scott,Farmer
106,CTLT,2129696,1047323,John Chiminski,CATALENT INC,Chairman/CEO,2/13/19,7/1/22,Executive Director,Yes,CEO,John,Chiminski
107,CTO,8022,43701,W Jelinek,COSTCO WHOLESALE CORP,President/CEO,1/1/12,2/2/22,Executive Director,Yes,CEO,W,Jelinek
108,CTRA,5465,202913,Dan Dinges,COTERRA ENERGY INC (Cabot Oil & Gas Corp prior to 10/2021),Chairman/President/CEO,5/2/02,10/1/21,Executive Director,Yes,CEO,Dan,Dinges
109,CTSH,7256,515842,Brian Humphries,COGNIZANT TECHNOLOGY SOLUTIONS CORP,CEO,4/1/19,1/12/23,Executive Director,Yes,CEO,Brian,Humphries
110,CTVA,3039776,1010737,Jim Collins Jr,CORTEVA INC,CEO,6/3/19,11/1/21,Executive Director,Yes,CEO,Jim,Collins Jr
111,CTX,6959,205153,David Henshall,CITRIX SYSTEMS INC (De-listed 09/2022),President/CEO,7/10/17,10/1/21,Executive Director,Yes,CEO,David,Henshall
112,CUM,8426,203776,Tom Linebarger,CUMMINS INC,Chairman/CEO,1/1/12,8/1/22,Executive Director,Yes,CEO,Tom,Linebarger
113,CVS,8468,45626,Larry Merlo,CVS HEALTH CORP (CVS Caremark Corp prior to 09/2014),President/CEO,3/1/11,2/1/21,Executive Director,Yes,CEO,Larry,Merlo
114,CVX,6627,343163,Mike Wirth,CHEVRON CORP,Chairman/CEO,2/1/18,,Executive Director,Yes,CEO,Mike,Wirth
115,CXR,8383,331094,Jim Foote,CSX CORP,President/CEO,12/22/17,9/26/22,Executive Director,Yes,CEO,Jim,Foote
116,CXX,7089,750963,Benno Dorer,CLOROX COMPANY (THE),Chairman/CEO,8/15/16,9/14/20,Executive Director,Yes,CEO,Benno,Dorer
117,CYT,6353,730057,Jeff Storey,LUMEN TECHNOLOGIES INC (CenturyLink Inc prior to 09/2020),President/CEO,5/23/18,11/7/22,Executive Director,Yes,CEO,Jeff,Storey
118,D,9491,36934,Tom Farrell II,DOMINION ENERGY INC (Dominion Resources Inc (Virginia) prior to 05/2017),Chairman/President/CEO,4/27/07,10/1/20,Executive Director,Yes,CEO,Tom,Farrell II
119,DAL,8946,333894,Ed Bastian,DELTA AIR LINES INC,CEO,5/2/16,,Executive Director,Yes,CEO,Ed,Bastian
120,DAP,8663,490718,Tom Joyce Jr,DANAHER CORP,President/CEO,9/9/14,9/1/20,Executive Director,Yes,CEO,Tom,Joyce Jr
121,DCO,8886,1070838,John May,DEERE & CO,President/CEO,11/4/19,5/1/20,Executive Director,No,CEO,John,May
122,DE,8886,1070838,John May,DEERE & CO,President/CEO,11/4/19,5/1/20,Executive Director,No,CEO,John,May
123,DE.V,1987627,2784754,James Paterson,DECISIVE DIVIDEND CORP,Chairman/CEO,9/24/13,5/31/21,Executive Director,Yes,CEO,James,Paterson
124,DFS,78171,33852,Roger Hochschild,DISCOVER FINANCIAL SERVICES INC,President/CEO,10/1/18,8/14/23,Executive Director,Yes,CEO,Roger,Hochschild
125,DG,1605214,487710,Todd Vasos,DOLLAR GENERAL CORP,CEO,6/3/15,11/1/22,Executive Director,Yes,CEO,Todd,Vasos
126,DGX,25578,37246,Steve Rusckowski,QUEST DIAGNOSTICS INC,Chairman/President/CEO,1/1/17,11/1/22,Executive Director,Yes,CEO,Steve,Rusckowski
127,DGY,9693,534436,Jerry Norcia,DTE ENERGY CO,President/CEO,7/1/19,5/5/22,Executive Director,Yes,CEO,Jerry,Norcia
128,DHR,8663,490718,Tom Joyce Jr,DANAHER CORP,President/CEO,9/9/14,9/1/20,Executive Director,Yes,CEO,Tom,Joyce Jr
129,DLR,641924,374955,Bill Stein,DIGITAL REALTY TRUST INC,CEO,5/1/15,12/13/22,Executive Director,Yes,CEO,Bill,Stein
130,DLTR,9474,452406,Gary Philbin,DOLLAR TREE INC,CEO,12/9/19,7/20/20,Executive Director,Yes,CEO,Gary,Philbin
131,DOD,9491,36934,Tom Farrell II,DOMINION ENERGY INC (Dominion Resources Inc (Virginia) prior to 05/2017),Chairman/President/CEO,4/27/07,10/1/20,Executive Director,Yes,CEO,Tom,Farrell II
132,DOV,9555,480780,Rich Tobin,DOVER CORP,President/CEO,5/1/18,2/10/24,Executive Director,Yes,CEO,Rich,Tobin
133,DPZ,90132,1110512,Ritch Allison Jr,DOMINO'S PIZZA INC,CEO,7/1/18,4/26/22,Executive Director,Yes,CEO,Ritch,Allison Jr
134,DRE,9730,333005,Jim Connor,DUKE REALTY CORP (De-listed 10/2022),Chairman/CEO,4/26/17,10/3/22,Executive Director,Yes,CEO,Jim,Connor
135,DRI,8697,200799,Gene Lee Jr,DARDEN RESTAURANTS INC,President/CEO,2/22/15,1/4/21,Executive Director,Yes,CEO,Gene,Lee Jr
136,DT3,9474,452406,Gary Philbin,DOLLAR TREE INC,CEO,12/9/19,7/20/20,Executive Director,Yes,CEO,Gary,Philbin
137,DTE,9693,534436,Jerry Norcia,DTE ENERGY CO,President/CEO,7/1/19,5/5/22,Executive Director,Yes,CEO,Jerry,Norcia
138,DUK,867887,204347,Lynn Good,DUKE ENERGY CORP,Chairman/President/CEO,1/1/16,,Executive Director,Yes,CEO,Lynn,Good
139,DVA,8783,655130,Javier Rodriguez,DAVITA INC (DaVita HealthCare Partners Inc prior to 09/2016),CEO,6/1/19,,Executive Director,Yes,CEO,Javier,Rodriguez
140,DVN,9103,62347,Dave Hager,DEVON ENERGY CORP,President/CEO,6/8/16,1/7/21,Executive Director,Yes,CEO,Dave,Hager
141,DXC,7584,205612,Mike Salvino,DXC TECHNOLOGY CO (Computer Sciences Corp prior to 04/2017),President/CEO,9/12/19,7/26/22,Executive Director,Yes,CEO,Mike,Salvino
142,DXCM,373917,346517,Kevin Sayer,DEXCOM INC,Chairman/President/CEO,7/30/18,,Executive Director,Yes,CEO,Kevin,Sayer
143,DY6,9103,62347,Dave Hager,DEVON ENERGY CORP,President/CEO,6/8/16,1/7/21,Executive Director,Yes,CEO,Dave,Hager
144,DYH,29978,310363,Brian Cornell,TARGET CORP,Chair/CEO,8/12/14,,Executive Director,Yes,CEO,Brian,Cornell
145,EA,10364,1207036,Andrew Wilson,ELECTRONIC ARTS INC,CEO,9/17/13,8/12/21,Executive Director,Yes,CEO,Andrew,Wilson
146,EAC,9940,534777,Mark Costa,EASTMAN CHEMICAL CO,Chair/CEO,6/30/14,,Executive Director,Yes,CEO,Mark,Costa
147,ECL,10036,51882,Doug Baker Jr,ECOLAB INC,Chairman/CEO,12/2/11,1/1/21,Executive Director,Yes,CEO,Doug,Baker Jr
148,ED,7705,1074910,John McAvoy,CONSOLIDATED EDISON INC,Chairman/President/CEO,5/12/14,12/29/20,Executive Director,Yes,CEO,John,McAvoy
149,EDC,7705,1074910,John McAvoy,CONSOLIDATED EDISON INC,Chairman/President/CEO,5/12/14,12/29/20,Executive Director,Yes,CEO,John,McAvoy
150,EFX,10896,202312,Mark Begor,EQUIFAX INC,CEO,4/16/18,,Executive Director,Yes,CEO,Mark,Begor
151,EIX,10130,791001,Pedro Pizarro,EDISON INTERNATIONAL,President/CEO,9/30/16,,Executive Director,Yes,CEO,Pedro,Pizarro
152,EL,11074,590109,Fabrizio Freda,ESTEE LAUDER COS INC,President/CEO,7/1/09,,Executive Director,Yes,CEO,Fabrizio,Freda
153,ELAA,11074,590109,Fabrizio Freda,ESTEE LAUDER COS INC,President/CEO,7/1/09,,Executive Director,Yes,CEO,Fabrizio,Freda
154,ELV,2273,184069,Gail Boudreaux,ELEVANCE HEALTH INC (Anthem Inc prior to 06/2022),President/CEO,11/20/17,,Executive Director,Yes,CEO,Gail,Boudreaux
155,EMN,9940,534777,Mark Costa,EASTMAN CHEMICAL CO,Chair/CEO,6/30/14,,Executive Director,Yes,CEO,Mark,Costa
156,EMR,10535,35223,David Farr,EMERSON ELECTRIC CO,Chairman/CEO,10/5/10,2/5/21,Executive Director,Yes,CEO,David,Farr
157,ENPH,1810090,1197971,Badri Kothandaraman,ENPHASE ENERGY INC,President/CEO,9/3/17,,Executive Director,Yes,CEO,Badri,Kothandaraman
158,EO5,10844,534761,Bill Thomas,EOG RESOURCES INC (Enron Oil & Gas Co prior to 09/1999),Chairman/CEO,1/1/14,9/30/21,Executive Director,Yes,CEO,Bill,Thomas
159,EOG,10844,534761,Bill Thomas,EOG RESOURCES INC (Enron Oil & Gas Co prior to 09/1999),Chairman/CEO,1/1/14,9/30/21,Executive Director,Yes,CEO,Bill,Thomas
160,EPAM,1796199,1059890,Arkadiy Dobkin,EPAM SYSTEMS INC,Chairman/President/CEO,2/8/12,,Executive Director,Yes,CEO,Arkadiy,Dobkin
161,EQIX,10899,1089745,Charles Meyers,EQUINIX INC,President/CEO,9/12/18,,Executive Director,Yes,CEO,Charles,Meyers
162,EQR,10928,552575,Mark Parrell,EQUITY RESIDENTIAL (Equity Residential Properties Trust prior to 10/2002),President/CEO,12/31/18,,Executive Director,Yes,CEO,Mark,Parrell
163,ERT,10364,1207036,Andrew Wilson,ELECTRONIC ARTS INC,CEO,9/17/13,8/12/21,Executive Director,Yes,CEO,Andrew,Wilson
164,ES,22660,206005,Jim Judge,EVERSOURCE ENERGY (Northeast Utilities prior to 02/2015),Chairman/President/CEO,5/3/17,5/5/21,Executive Director,Yes,CEO,Jim,Judge
165,ESS,11060,182075,Mike Schall,ESSEX PROPERTY TRUST INC (Essex Property Corp prior to 06/1994),President/CEO,1/1/11,3/31/23,Executive Director,Yes,CEO,Mike,Schall
166,ETR,10750,204855,Leo Denault,ENTERGY CORP,Chairman/CEO,2/1/13,11/1/22,Executive Director,Yes,CEO,Leo,Denault
167,ETSY,2236759,765386,Josh Silverman,ETSY INC,President/CEO,5/3/17,,Executive Director,Yes,CEO,Josh,Silverman
168,EVRG,2824528,345671,Terry Bassham,EVERGY INC,President/CEO,6/5/18,1/4/21,Executive Director,Yes,CEO,Terry,Bassham
169,EW,10156,90062,Mike Mussallem,EDWARDS LIFESCIENCES CORP,Chairman/CEO,3/31/00,5/11/23,Executive Director,Yes,CEO,Mike,Mussallem
170,EW1,11401,452655,Jeff Musser,EXPEDITORS INTERNATIONAL OF WASHINGTON INC,President/CEO,3/1/14,,Executive Director,Yes,CEO,Jeff,Musser
171,EWL,10156,90062,Mike Mussallem,EDWARDS LIFESCIENCES CORP,Chairman/CEO,3/31/00,5/11/23,Executive Director,Yes,CEO,Mike,Mussallem
172,EXC,11376,534954,Chris Crane,EXELON CORP,President/CEO,3/12/12,10/17/22,Executive Director,Yes,CEO,Chris,Crane
173,EXP,11060,182075,Mike Schall,ESSEX PROPERTY TRUST INC (Essex Property Corp prior to 06/1994),President/CEO,1/1/11,3/31/23,Executive Director,Yes,CEO,Mike,Schall
174,EXPD,11401,452655,Jeff Musser,EXPEDITORS INTERNATIONAL OF WASHINGTON INC,President/CEO,3/1/14,,Executive Director,Yes,CEO,Jeff,Musser
175,EXR,600874,375394,Joe Margolis,EXTRA SPACE STORAGE INC,CEO,5/18/17,,Executive Director,Yes,CEO,Joe,Margolis
176,F,12262,34156,Jim Hackett,FORD MOTOR CO,President/CEO,5/22/17,10/1/20,Executive Director,Yes,CEO,Jim,Hackett
177,F,1227085,735131,Tim Warman,FIORE GOLD LTD (Fiore Exploration Ltd prior to 09/2017) (De-listed 01/2022),CEO,9/25/17,1/12/22,Executive Director,Yes,CEO,Tim,Warman
178,FANG,1895607,1277021,Travis Stice,DIAMONDBACK ENERGY INC,CEO,1/1/17,2/22/22,Executive Director,Yes,CEO,Travis,Stice
179,FAST,11608,70422,Dan Florness,FASTENAL CO,President/CEO,1/1/16,,Executive Director,Yes,CEO,Dan,Florness
180,FCX,12493,206065,Richard Adkerson,FREEPORT-MCMORAN INC (Freeport-McMoRan Copper & Gold Inc prior to 07/2014),Vice Chairman/President/CEO,5/31/13,2/2/21,Executive Director,Yes,CEO,Richard,Adkerson
181,FDX,11664,43076,Fred Smith,FEDEX CORP,Chairman/CEO,2/1/17,5/31/22,Executive Director,Yes,CEO,Fred,Smith
182,FE,11964,621318,Chuck Jones Jr,FIRSTENERGY CORP,President/CEO,1/1/15,5/24/20,Executive Director,No,CEO,Chuck,Jones Jr
183,FE,11964,621318,Steven E. Strah,FIRSTENERGY CORP,President/CEO,10/1/20,,Executive Director,No,CEO,Chuck,Jones Jr
184,FIS,6382,516521,Gary Norcross,FIDELITY NATIONAL INFORMATION SERVICES INC (Certegy Inc prior to 02/2006),Chairman/President/CEO,5/30/18,3/9/21,Executive Director,Yes,CEO,Gary,Norcross
185,FITB,324,203638,Greg Carmichael,FIFTH THIRD BANCORP,Chairman/President/CEO,2/1/18,10/26/20,Executive Director,Yes,CEO,Greg,Carmichael
186,FLIR,12112,1301933,Jim Cannon,FLIR SYSTEMS INC (De-listed 05/2021),President/CEO,6/19/17,5/14/21,Executive Director,Yes,CEO,Jim,Cannon
187,FLS,12153,1304182,Robert Rowe,FLOWSERVE CORP,President/CEO,4/1/17,,Executive Director,Yes,CEO,Robert,Rowe
188,FLT,1677118,1058760,Ron Clarke,FLEETCOR TECHNOLOGIES INC,Chairman/President/CEO,12/15/10,,Executive Director,Yes,CEO,Ron,Clarke
189,FMC,12164,51661,Doctor Pierre Brondeau,FMC CORP,Chairman/CEO,6/1/18,5/31/20,Executive Director,Yes,CEO,Pierre,Brondeau
190,FMC1,12262,34156,Jim Hackett,FORD MOTOR CO,President/CEO,5/22/17,10/1/20,Executive Director,Yes,CEO,Jim,Hackett
191,FP3,12407,39031,Jim Robo,NEXTERA ENERGY INC (FPL Group Inc prior to 05/2010),Chairman/President/CEO,12/13/13,3/1/22,Executive Director,Yes,CEO,Jim,Robo
192,FRT,11649,332472,Don Wood,FEDERAL REALTY INVESTMENT TRUST,President/CEO,1/1/03,3/11/21,Executive Director,Yes,CEO,Don,Wood
193,FTNT,1606380,1055310,Ken Xie,FORTINET INC,Chairman/CEO,11/11/13,,Executive Director,Yes,CEO,Ken,Xie
194,FTV,2482889,372492,Jim Lico,FORTIVE CORP,President/CEO,7/2/16,,Executive Director,Yes,CEO,Jim,Lico
195,GD,12984,45561,Phebe Novakovic,GENERAL DYNAMICS CORP,Chairman/CEO,1/1/13,,Executive Director,Yes,CEO,Phebe,Novakovic
196,GE,12986,36907,Larry Culp Jr,GENERAL ELECTRIC CO,Chairman/CEO,9/30/18,,Executive Director,Yes,CEO,Larry,Culp Jr
197,GEC,12986,36907,Larry Culp Jr,GENERAL ELECTRIC CO,Chairman/CEO,9/30/18,,Executive Director,Yes,CEO,Larry,Culp Jr
198,GILD,13273,1015485,Daniel O'Day,GILEAD SCIENCES INC,Chairman/CEO,3/1/19,,Executive Director,Yes,CEO,Daniel,O'Day
199,GIS,13034,988199,Jeff Harmening,GENERAL MILLS INC,Chairman/CEO,1/1/18,,Executive Director,Yes,CEO,Jeff,Harmening
200,GL,30937,58941,Gary Coleman,GLOBE LIFE INC (Torchmark Corp prior to 08/2019),Co-Chairman/Co-CEO,4/24/14,12/31/22,Executive Director,Yes,CEO,Gary,Coleman
201,GL,30937,58946,Larry Hutchison,GLOBE LIFE INC (Torchmark Corp prior to 08/2019),Co-Chairman/Co-CEO,4/24/14,12/31/22,Executive Director,Yes,CEO,Larry,Hutchison
202,GM,1673114,892349,Mary Barra,GENERAL MOTORS CO,Chair/CEO,1/4/16,,Executive Director,Yes,CEO,Mary,Barra
203,GNE,12986,36907,Larry Culp Jr,GENERAL ELECTRIC CO,Chairman/CEO,9/30/18,,Executive Director,Yes,CEO,Larry,Culp Jr
204,GOOGL,116351,887679,Sundar Pichai,ALPHABET INC (Google Inc prior to 10/2015),CEO,12/3/19,,Executive Director,Yes,CEO,Sundar,Pichai
205,GPC,13110,547628,Paul Donahue,GENUINE PARTS CO,Chairman/CEO,4/22/19,,Executive Director,Yes,CEO,Paul,Donahue
206,GPN,13417,1076347,Jeff Sloan,GLOBAL PAYMENTS INC,CEO,6/30/14,6/1/23,Executive Director,Yes,CEO,Jeff,Sloan
207,GS,13564,795984,David Solomon,GOLDMAN SACHS GROUP INC,Chairman/CEO,1/1/19,,Executive Director,Yes,CEO,David,Solomon
208,GWW,13725,881638,DG Macpherson,WW GRAINGER INC,Chairman/CEO,10/1/17,,Executive Director,Yes,CEO,DG,Macpherson
209,HAL,14212,1269010,Jeff Miller,HALLIBURTON CO,Chairman/President/CEO,1/1/19,,Executive Director,Yes,CEO,Jeff,Miller
210,HAS,14399,205487,Brian Goldner,HASBRO INC,Chairman/CEO,2/6/17,10/12/21,Executive Director,Yes,CEO,Brian,Goldner
211,HBAN,15235,200105,Steve Steinour,HUNTINGTON BANCSHARES INC,Chairman/President/CEO,1/14/09,,Executive Director,Yes,CEO,Steve,Steinour
212,HBI,882407,514830,Gerald Evans Jr,HANESBRANDS INC,CEO,10/1/16,8/3/20,Executive Director,Yes,CEO,Gerald,Evans Jr
213,HCA,1692837,35175,Sam Hazen,HCA HEALTHCARE INC (HCA Holdings Inc prior to 05/2017),CEO,1/1/19,,Executive Director,Yes,CEO,Sam,Hazen
214,HD,14982,536170,Craig Menear,HOME DEPOT INC,Chairman/President/CEO,2/2/15,10/5/20,Executive Director,Yes,CEO,Craig,Menear
215,HES,1970,64947,John Hess,HESS CORP (Amerada Hess prior to 05/2006),CEO,5/16/13,,Executive Director,Yes,CEO,John,Hess
216,HIG,14372,1073631,Chris Swift,HARTFORD FINANCIAL SERVICES GROUP INC,Chairman/CEO,1/5/15,,Executive Director,Yes,CEO,Chris,Swift
217,HII,1694757,487356,Mike Petters,HUNTINGTON INGALLS INDUSTRIES INC,President/CEO,3/31/11,3/1/22,Executive Director,Yes,CEO,Mike,Petters
218,HLT,2022926,180239,Chris Nassetta,HILTON WORLDWIDE HOLDINGS INC,President/CEO,12/12/13,,Executive Director,Yes,CEO,Chris,Nassetta
219,HMT,15093,205949,Jim Risoleo,HOST HOTELS & RESORTS INC,President/CEO,1/1/17,,Executive Director,Yes,CEO,Jim,Risoleo
220,HOLX,14967,41481,Steve MacMillan,HOLOGIC INC,Chairman/President/CEO,6/16/15,,Executive Director,Yes,CEO,Steve,MacMillan
221,HON,15029,1205682,Darius Adamczyk,HONEYWELL INTERNATIONAL INC (AlliedSignal Inc prior to 01/2000),Chairman/CEO,4/23/18,6/1/23,Executive Director,Yes,CEO,Darius,Adamczyk
222,HPE,2358912,1192124,Antonio Neri,HEWLETT PACKARD ENTERPRISE CO,President/CEO,2/1/18,,Executive Director,Yes,CEO,Antonio,Neri
223,HPQ,14722,607415,Enrique Lores,HP INC (Hewlett-Packard Co prior to 11/2015),President/CEO,11/1/19,,Executive Director,Yes,CEO,Enrique,Lores
224,HRL,15070,806078,Jim Snee,HORMEL FOODS CORP,Chairman/President/CEO,11/20/17,,Executive Director,Yes,CEO,Jim,Snee
225,HSIC,14669,85377,Stan Bergman,HENRY SCHEIN INC,Chairman/CEO,5/18/05,,Executive Director,Yes,CEO,Stan,Bergman
226,HST,15093,205949,Jim Risoleo,HOST HOTELS & RESORTS INC,President/CEO,1/1/17,,Executive Director,Yes,CEO,Jim,Risoleo
227,HSY,14714,485170,Michele Buck,HERSHEY CO (THE),Chairman/President/CEO,10/11/19,,Executive Director,Yes,CEO,Michele,Buck
228,HU3,15235,200105,Steve Steinour,HUNTINGTON BANCSHARES INC,Chairman/President/CEO,1/14/09,,Executive Director,Yes,CEO,Steve,Steinour
229,HUM,15207,272234,Bruce Broussard,HUMANA INC,President/CEO,1/1/13,1/8/24,Executive Director,Yes,CEO,Bruce,Broussard
230,IAU,1027070,732790,Ewan Downie,I-80 GOLD CORP (Premier Gold Mines Ltd prior to 04/2021),President/CEO,5/29/06,4/7/21,Executive Director,Yes,CEO,Ewan,Downie
231,ICE,815224,489174,Jeff Sprecher,INTERCONTINENTAL EXCHANGE INC (IntercontinentalExchange Group Inc prior to 05/2014),Chairman/CEO,11/1/02,,Executive Director,Yes,CEO,Jeff,Sprecher
232,IDXX,15486,1254756,Jonathan Mazelsky,IDEXX LABORATORIES INC,President/CEO,10/23/19,,Executive Director,Yes,CEO,Jonathan,Mazelsky
233,IFF,16530,548131,Andreas Fibig,INTERNATIONAL FLAVORS & FRAGRANCES INC,Chairman/CEO,12/1/14,2/14/22,Executive Director,Yes,CEO,Andreas,Fibig
234,ILMN,15581,647025,Francis DeSouza,ILLUMINA INC,President/CEO,7/5/16,6/11/23,Executive Director,Yes,CEO,Francis,DeSouza
235,ILT,15580,534201,Ernest Santi,ILLINOIS TOOL WORKS INC (ITW),Chairman/CEO,5/8/15,1/1/24,Executive Director,Yes,CEO,Ernest,Santi
236,INCY,15783,1249099,Herve Hoppenot,INCYTE CORP (Incyte Genomics prior to 03/2003),Chairman/President/CEO,5/22/15,6/5/23,Executive Director,Yes,CEO,Herve,Hoppenot
237,INL,16239,48076,Bob Swan,INTEL CORP,CEO,1/30/19,2/15/21,Executive Director,Yes,CEO,Bob,Swan
238,INP,16569,621903,Mark Sutton,INTERNATIONAL PAPER CO,Chairman/CEO,1/1/15,,Executive Director,Yes,CEO,Mark,Sutton
239,INPAP,16569,621903,Mark Sutton,INTERNATIONAL PAPER CO,Chairman/CEO,1/1/15,,Executive Director,Yes,CEO,Mark,Sutton
240,INTC,16239,48076,Bob Swan,INTEL CORP,CEO,1/30/19,2/15/21,Executive Director,Yes,CEO,Bob,Swan
241,INTU,16626,556870,Sasan Goodarzi,INTUIT INC,President/CEO,1/1/19,2/1/24,Executive Director,Yes,CEO,Sasan,Goodarzi
242,INVH,2607907,1862251,Dallas Tanner,INVITATION HOMES INC,President/CEO,1/16/19,3/1/23,Executive Director,Yes,CEO,Dallas,Tanner
243,IP,16569,621903,Mark Sutton,INTERNATIONAL PAPER CO,Chairman/CEO,1/1/15,,Executive Director,Yes,CEO,Mark,Sutton
244,IPG,16427,48701,Michael Roth,INTERPUBLIC GROUP OF COMPANIES INC,Chairman/CEO,1/19/05,1/1/21,Executive Director,Yes,CEO,Michael,Roth
245,IPGP,16949,552050,Doctor Valentin Gapontsev,IPG PHOTONICS CORP,Chairman/CEO,1/1/98,5/4/21,Executive Director,Yes,CEO,Valentin,Gapontsev
246,IQV,1951118,33049,Ari Bousbib,IQVIA HOLDINGS INC (Quintiles IMS Holdings Inc prior to 11/2017),Chairman/President/CEO,10/3/16,,Executive Director,Yes,CEO,Ari,Bousbib
247,IR,2656398,1912562,Vicente Reynal,INGERSOLL RAND INC (Gardner Denver Holdings Inc prior to 03/2020),President/CEO,5/12/17,11/9/21,Executive Director,Yes,CEO,Vicente,Reynal
248,IRM,17012,1188382,Bill Meaney,IRON MOUNTAIN INC,President/CEO,1/7/13,,Executive Director,Yes,CEO,Bill,Meaney
249,ISRG,16627,324511,Doctor Gary Guthart,INTUITIVE SURGICAL INC,President/CEO,1/1/10,5/16/23,Executive Director,Yes,CEO,Gary,Guthart
250,IT,12862,35090,Gene Hall,GARTNER INC (Gartner Group Inc prior to 08/2001),CEO,8/3/04,,Executive Director,Yes,CEO,Gene,Hall
251,ITW,15580,534201,Ernest Santi,ILLINOIS TOOL WORKS INC (ITW),Chairman/CEO,5/8/15,1/1/24,Executive Director,Yes,CEO,Ernest,Santi
252,IVZ,2129,36584,Marty Flanagan,INVESCO LTD (Invesco PLC prior to 12/2007),President/CEO,8/1/05,6/30/23,Executive Director,Yes,CEO,Marty,Flanagan
253,J,17251,349932,Steve Demetriou,JACOBS SOLUTIONS INC (Jacobs Engineering Group Inc prior to 08/2022),Chairman/CEO,7/28/16,1/24/23,Executive Director,Yes,CEO,Steve,Demetriou
254,JBHT,15223,497950,John Roberts III,HUNT(J.B.)TRANSPORT SERVICES INC,President/CEO,1/1/11,8/1/22,Executive Director,Yes,CEO,John,Roberts III
255,JKHY,14668,836736,Dave Foss,JACK HENRY & ASSOCIATES INC,President/CEO,7/1/17,7/1/21,Executive Director,Yes,CEO,Dave,Foss
256,JNJ,17478,747756,Alex Gorsky,JOHNSON & JOHNSON,Chairman/CEO,12/28/12,1/3/22,Executive Director,Yes,CEO,Alex,Gorsky
257,JNP,17580,1275216,Rami Rahim,JUNIPER NETWORKS INC,CEO,11/10/14,,Executive Director,Yes,CEO,Rami,Rahim
258,JNPR,17580,1275216,Rami Rahim,JUNIPER NETWORKS INC,CEO,11/10/14,,Executive Director,Yes,CEO,Rami,Rahim
259,JPM,17528,33908,Jamie Dimon,JPMORGAN CHASE & CO,Chairman/CEO,1/30/18,,Executive Director,Yes,CEO,Jamie,Dimon
260,K,17777,455061,Steve Cahillane,KELLANOVA CO (Kellogg Co prior to 10/2023),Chairman/President/CEO,3/16/18,,Executive Director,Yes,CEO,Steve,Cahillane
261,KCY,17690,489655,Pat Ottensmeyer,KANSAS CITY SOUTHERN (De-listed 12/2021),President/CEO,7/1/16,12/14/21,Executive Director,Yes,CEO,Pat,Ottensmeyer
262,KDP,1057037,989294,Bob Gamgort Jr,KEURIG DR PEPPER INC (Dr Pepper Snapple Group Inc prior to 07/2018),Chairman/President/CEO,1/13/19,7/29/22,Executive Director,Yes,CEO,Bob,Gamgort Jr
263,KEY,17862,50551,Beth Mooney,KEYCORP,Chairman/President/CEO,5/1/11,5/1/20,Executive Director,No,CEO,Beth,Mooney
264,KEYS,2163313,598783,Ron Nersesian,KEYSIGHT TECHNOLOGIES INC,Chairman/President/CEO,11/1/19,5/1/22,Executive Director,Yes,CEO,Ron,Nersesian
265,KIM,17915,888666,Conor Flynn,KIMCO REALTY CORP,CEO,2/27/17,,Executive Director,Yes,CEO,Conor,Flynn
266,KLA,17984,51071,Rick Wallace,KLA CORP (KLA Tencor Corp prior to 07/2019),President/CEO,11/13/08,,Executive Director,Yes,CEO,Rick,Wallace
267,KLAC,17984,51071,Rick Wallace,KLA CORP (KLA Tencor Corp prior to 07/2019),President/CEO,11/13/08,,Executive Director,Yes,CEO,Rick,Wallace
268,KMI,1687673,480557,Steve Kean,KINDER MORGAN INC (Kinder Morgan Holdco LLC prior to 02/2011),CEO,4/18/18,8/1/23,Executive Director,Yes,CEO,Steve,Kean
269,KMX,107377,1011736,Bill Nash,CARMAX INC,President/CEO,9/1/16,,Executive Director,Yes,CEO,Bill,Nash
270,KO,7204,877797,James Quincey,COCA-COLA CO,Chairman/CEO,4/24/19,,Executive Director,Yes,CEO,James,Quincey
271,KR,18195,35937,William McMullen,KROGER CO,Chairman/CEO,1/1/15,,Executive Director,Yes,CEO,William,McMullen
272,KSU,17690,489655,Pat Ottensmeyer,KANSAS CITY SOUTHERN (De-listed 12/2021),President/CEO,7/1/16,12/14/21,Executive Director,Yes,CEO,Pat,Ottensmeyer
273,KSU.PR,17690,489655,Pat Ottensmeyer,KANSAS CITY SOUTHERN (De-listed 12/2021),President/CEO,7/1/16,12/14/21,Executive Director,Yes,CEO,Pat,Ottensmeyer
274,L,19065,36800,Jim Tisch,LOEWS CORP,President/CEO,1/1/99,,Executive Director,Yes,CEO,Jim,Tisch
275,LDOS,660090,881227,Roger Krone,LEIDOS HOLDINGS INC (SAIC Inc prior to 09/2013),Chairman/CEO,3/20/15,5/3/23,Executive Director,Yes,CEO,Roger,Krone
276,LEN,18703,67887,Rick Beckwitt,LENNAR CORP,CEO,4/11/18,11/2/20,Executive Director,Yes,CEO,Rick,Beckwitt
277,LH,18319,495421,Adam Schechter,LABORATORY CORP OF AMERICA HLDGS (LABCORP),President/CEO,11/1/19,5/13/20,Executive Director,No,CEO,Adam,Schechter
278,LHX,14355,484620,Bill Brown,L3HARRIS TECHNOLOGIES INC (Harris Corp prior to 07/2019),Chairman (Executive)/CEO,6/29/19,6/29/21,Executive Director,Yes,CEO,Bill,Brown
279,LKQ,463860,1523271,Nick Zarcone,LKQ CORPORATION INC,President/CEO,5/31/17,,Executive Director,Yes,CEO,Nick,Zarcone
280,LLY,18888,1068880,Dave Ricks,ELI LILLY & CO,Chair/President/CEO,6/1/17,,Executive Director,Yes,CEO,Dave,Ricks
281,LMT,19048,202548,Marillyn Hewson,LOCKHEED MARTIN CORP,Chairman/President/CEO,1/1/14,6/15/20,Executive Director,Yes,CEO,Marillyn,Hewson
282,LNC,18908,54612,Dennis Glass,LINCOLN NATIONAL CORP,President/CEO,7/6/07,5/27/22,Executive Director,Yes,CEO,Dennis,Glass
283,LNT,1476,896820,John Larsen,ALLIANT ENERGY CORP,Chair/President/CEO,7/1/19,2/27/23,Executive Director,Yes,CEO,John,Larsen
284,LOM,19048,202548,Marillyn Hewson,LOCKHEED MARTIN CORP,Chairman/President/CEO,1/1/14,6/15/20,Executive Director,Yes,CEO,Marillyn,Hewson
285,LOW,19193,489833,Marvin Ellison,LOWE'S COS INC,President/CEO,7/2/18,6/1/21,Executive Director,Yes,CEO,Marvin,Ellison
286,LRCX,18384,487342,Tim Archer,LAM RESEARCH CORP,President/CEO,12/5/18,,Executive Director,Yes,CEO,Tim,Archer
287,LTR,19065,36800,Jim Tisch,LOEWS CORP,President/CEO,1/1/99,,Executive Director,Yes,CEO,Jim,Tisch
288,LUMN,6353,730057,Jeff Storey,LUMEN TECHNOLOGIES INC (CenturyLink Inc prior to 09/2020),President/CEO,5/23/18,11/7/22,Executive Director,Yes,CEO,Jeff,Storey
289,LUV,28696,44881,Gary Kelly,SOUTHWEST AIRLINES CO,Chairman/CEO,1/10/17,2/1/22,Executive Director,Yes,CEO,Gary,Kelly
290,LVS,603630,373289,Sheldon Adelson,LAS VEGAS SANDS CORP,Chairman/CEO/Treasurer,8/1/04,1/11/21,Executive Director,Yes,CEO,Sheldon,Adelson
291,LW,2558653,1595178,Tom Werner,LAMB WESTON HOLDINGS INC,President/CEO,11/9/16,,Executive Director,Yes,CEO,Tom,Werner
292,LWRK,1681880,1060498,Stephen Liptrap,LIFEWORKS INC (Morneau Shepell Inc prior to 05/2021) (De-listed 09/2022),President/CEO,5/4/17,9/2/22,Executive Director,Yes,CEO,Stephen,Liptrap
293,LYB,1667126,1092110,Bob Patel,LYONDELLBASELL INDUSTRIES NV,CEO,6/1/18,12/31/21,Executive Director,Yes,CEO,Bob,Patel
294,LYV,814633,551171,Michael Rapino,LIVE NATION ENTERTAINMENT INC (Live Nation Inc prior to 01/2010),President/CEO,1/1/18,,Executive Director,Yes,CEO,Michael,Rapino
295,MAA,20625,341827,H Bolton Jr,MID-AMERICA APARTMENT COMMUNITIES INC,Chairman/President/CEO,10/1/02,,Executive Director,Yes,CEO,H,Bolton Jr
296,MAQ,19706,38571,Arne Sorenson,MARRIOTT INTERNATIONAL INC,President/CEO,3/31/12,2/15/21,Executive Director,Yes,CEO,Arne,Sorenson
297,MAR,19706,38571,Arne Sorenson,MARRIOTT INTERNATIONAL INC,President/CEO,3/31/12,2/15/21,Executive Director,Yes,CEO,Arne,Sorenson
298,MAS,19758,1135450,Keith Allman,MASCO CORP,President/CEO,2/14/14,,Executive Director,Yes,CEO,Keith,Allman
299,MCD,19944,1381393,Chris Kempczinski,MCDONALD'S CORP,President/CEO,11/1/19,,Executive Director,Yes,CEO,Chris,Kempczinski
300,MCHP,20566,61502,Steve Sanghi,MICROCHIP TECHNOLOGY INC,Chairman/CEO,2/3/16,3/1/21,Executive Director,Yes,CEO,Steve,Sanghi
301,MCK,19966,509859,Doctor Brian Tyler,MCKESSON CORP (McKesson HBOC Inc prior to 08/2001),CEO,4/1/19,,Executive Director,Yes,CEO,Brian,Tyler
302,MCO,21071,49681,Raymond McDaniel Jr,MOODYS CORP,President/CEO,4/19/12,12/31/20,Executive Director,Yes,CEO,Raymond,McDaniel Jr
303,MCP,20566,61502,Steve Sanghi,MICROCHIP TECHNOLOGY INC,Chairman/CEO,2/3/16,3/1/21,Executive Director,Yes,CEO,Steve,Sanghi
304,MDLZ,18164,640369,Doctor Dirk van de Put,MONDELEZ INTERNATIONAL INC,Chairman/CEO,4/1/18,,Executive Director,Yes,CEO,Dirk ,van de Put
305,MDO,19944,1381393,Chris Kempczinski,MCDONALD'S CORP,President/CEO,11/1/19,,Executive Director,Yes,CEO,Chris,Kempczinski
306,MET,20426,1135745,Michel Khalaf,METLIFE INC,President/CEO,5/1/19,,Executive Director,Yes,CEO,Michel,Khalaf
307,MET.PRA,20426,1135745,Michel Khalaf,METLIFE INC,President/CEO,5/1/19,,Executive Director,Yes,CEO,Michel,Khalaf
308,META,1820060,646335,Mark Zuckerberg,META PLATFORMS INC (Facebook Inc prior to 11/2021),Chairman/CEO,5/18/12,,Executive Director,Yes,CEO,Mark,Zuckerberg
309,MHK,20964,64542,Jeff Lorberbaum,MOHAWK INDUSTRIES INC,Chairman/CEO,11/4/09,,Executive Director,Yes,CEO,Jeff,Lorberbaum
310,MHM,19713,592845,Dan Glaser,MARSH & MCLENNAN COMPANIES INC,President/CEO,1/1/13,12/31/22,Executive Director,Yes,CEO,Dan,Glaser
311,MKC,19939,481697,Lawrence Kurzius,MCCORMICK & CO INC,Chairman/President/CEO,1/31/17,6/1/22,Executive Director,Yes,CEO,Lawrence,Kurzius
312,MKTX,551122,446101,Rick McVey,MARKETAXESS HOLDINGS INC,Chairman/CEO,9/13/06,4/3/23,Executive Director,Yes,CEO,Rick,McVey
313,MLM,19739,841525,Ward Nye,MARTIN MARIETTA MATERIALS INC,Chairman/President/CEO,5/22/14,,Executive Director,Yes,CEO,Ward,Nye
314,MMC,19713,592845,Dan Glaser,MARSH & MCLENNAN COMPANIES INC,President/CEO,1/1/13,12/31/22,Executive Director,Yes,CEO,Dan,Glaser
315,MMM,20777,1310783,Mike Roman,3M CO (Minnesota Mining & Manufacturing Co prior to 02/2002),Chairman/President/CEO,6/1/19,9/1/23,Executive Director,Yes,CEO,Mike,Roman
316,MNST,14301,343707,Rodney Sacks,MONSTER BEVERAGE CORP (Hansen Natural Corp prior to 12/2011),Chairman/CEO,7/1/96,1/13/21,Executive Director,Yes,CEO,Rodney,Sacks
317,MOS,550358,549793,Joc O'Rourke,MOSAIC CO,President/CEO,8/5/15,8/29/23,Executive Director,Yes,CEO,Joc,O'Rourke
318,MPC,1604377,2121957,Marvin Haasen,MADISON PACIFIC PROPERTIES INC,President/CEO,11/1/12,7/17/23,Executive Director,Yes,CEO,Marvin,Haasen
319,MRK,27219,31551,Ken Frazier,MERCK & CO INC (Schering-Plough Corp prior to 11/2009),Chairman/President/CEO,12/1/11,4/1/21,Executive Director,Yes,CEO,Ken,Frazier
320,MRNA,2959246,507530,Stephane Bancel,MODERNA INC,CEO,12/7/18,,Executive Director,Yes,CEO,Stephane,Bancel
321,MRO,32067,1314672,Lee Tillman,MARATHON OIL CORP (USX Marathon Group prior to 01/2002),Chairman/President/CEO,2/1/19,,Executive Director,Yes,CEO,Lee,Tillman
322,MS,21105,34080,James Gorman,MORGAN STANLEY (Morgan Stanley Dean Witter & Co prior to 07/2002),Chairman/CEO,1/1/12,1/1/24,Executive Director,Yes,CEO,James,Gorman
323,MSCI,1041062,598481,Henry Fernandez,MSCI INC,Chairman/CEO,10/31/17,,Executive Director,Yes,CEO,Henry,Fernandez
324,MSF,20601,499383,Satya Nadella,MICROSOFT CORP,CEO,2/4/14,6/16/21,Executive Director,Yes,CEO,Satya,Nadella
325,MSFT,20601,499383,Satya Nadella,MICROSOFT CORP,CEO,2/4/14,6/16/21,Executive Director,Yes,CEO,Satya,Nadella
326,MSI,21174,42861,Greg Brown,MOTOROLA SOLUTIONS INC,Chairman/CEO,5/3/11,,Executive Director,Yes,CEO,Greg,Brown
327,MSN,19713,592845,Dan Glaser,MARSH & MCLENNAN COMPANIES INC,President/CEO,1/1/13,12/31/22,Executive Director,Yes,CEO,Dan,Glaser
328,MTB,19327,484476,Rene Jones,M&T BANK CORP,Chairman/CEO,12/20/17,,Executive Director,Yes,CEO,Rene,Jones
329,MTCH,32019,641282,Joey Levin,MATCH GROUP INC (IAC InterActiveCorp prior to 07/2020),CEO,6/24/15,6/30/20,Executive Director,Yes,CEO,Joey,Levin
330,MTD,20478,205031,Olivier Filliol,METTLER TOLEDO INTERNATIONAL INC,President/CEO,1/1/09,3/31/21,Executive Director,Yes,CEO,Olivier,Filliol
331,MU,20589,205405,Sanjay Mehrotra,MICRON TECHNOLOGY INC,President/CEO,5/8/17,,Executive Director,Yes,CEO,Sanjay,Mehrotra
332,MWZ,20426,1135745,Michel Khalaf,METLIFE INC,President/CEO,5/1/19,,Executive Director,Yes,CEO,Michel,Khalaf
333,MXIM,19863,36387,Tunc Doluca,MAXIM INTEGRATED PRODUCTS INC (De-listed 08/2021),President/CEO,1/1/07,8/26/21,Executive Director,Yes,CEO,Tunc,Doluca
334,NCLH,1925428,1451131,Frank Del Rio,NORWEGIAN CRUISE LINE HOLDINGS LTD,President/CEO,8/4/15,6/30/23,Executive Director,Yes,CEO,Frank,Del Rio
335,NDAQ,42640,483505,Adena Friedman,NASDAQ INC (NASDAQ OMX Group Inc prior to 09/2015),President/CEO,1/1/17,1/1/23,Executive Director,Yes,CEO,Adena,Friedman
336,NEE,12407,39031,Jim Robo,NEXTERA ENERGY INC (FPL Group Inc prior to 05/2010),Chairman/President/CEO,12/13/13,3/1/22,Executive Director,Yes,CEO,Jim,Robo
337,NEM,22069,1378869,Tom Palmer,NEWMONT CORP (Newmont Goldcorp Corp prior to 01/2020),President/CEO,10/1/19,,Executive Director,Yes,CEO,Tom,Palmer
338,NFLX,93427,182088,Wilmot Hastings Jr,NETFLIX INC,Chairman/President/CEO,7/1/99,7/14/20,Executive Director,Yes,CEO,Wilmot,Hastings Jr
339,NI,22260,594908,Joe Hamrock,NISOURCE INC (NIPSCO Industries Inc prior to 04/1999),President/CEO,7/1/15,2/14/22,Executive Director,Yes,CEO,Joe,Hamrock
340,NLSN,1684303,140602,David Kenny,NIELSEN HOLDINGS PLC (Nielsen NV prior to 08/2015) (De-listed 10/2022),CEO/Chief Diversity Officer,1/1/19,3/23/21,Executive Director,Yes,CEO,David,Kenny
341,NO8,21553,207048,Clay Williams,NOV INC (National Oilwell Varco Inc prior to 01/2021),Chairman/President/CEO,5/30/14,,Executive Director,Yes,CEO,Clay,Williams
342,NOC,22521,1255302,Kathy Warden,NORTHROP GRUMMAN CORP,Chair/President/CEO,8/1/19,,Executive Director,Yes,CEO,Kathy,Warden
343,NOV,21553,207048,Clay Williams,NOV INC (National Oilwell Varco Inc prior to 01/2021),Chairman/President/CEO,5/30/14,,Executive Director,Yes,CEO,Clay,Williams
344,NOW,1830138,206474,Bill McDermott,SERVICENOW INC,President/CEO,11/18/19,10/25/22,Executive Director,Yes,CEO,Bill,McDermott
345,NRG,22626,598675,Mauricio Gutierrez,NRG ENERGY INC,President/CEO,1/4/16,11/17/23,Executive Director,Yes,CEO,Mauricio,Gutierrez
346,NSC,22412,534106,Jim Squires,NORFOLK SOUTHERN CORP,Chairman/President/CEO,10/1/15,12/1/21,Executive Director,Yes,CEO,Jim,Squires
347,NT4,22509,1122917,Mike O'Grady,NORTHERN TRUST CORP,Chairman/President/CEO,1/23/19,,Executive Director,Yes,CEO,Mike,O'Grady
348,NTA,21903,1448606,George Kurian,NETAPP INC (Network Appliance Inc prior to 03/2008),President/CEO,5/20/16,7/1/20,Executive Director,Yes,CEO,George,Kurian
349,NTAP,21903,1448606,George Kurian,NETAPP INC (Network Appliance Inc prior to 03/2008),President/CEO,5/20/16,7/1/20,Executive Director,Yes,CEO,George,Kurian
350,NTH,22521,1255302,Kathy Warden,NORTHROP GRUMMAN CORP,Chair/President/CEO,8/1/19,,Executive Director,Yes,CEO,Kathy,Warden
351,NTRS,22509,1122917,Mike O'Grady,NORTHERN TRUST CORP,Chairman/President/CEO,1/23/19,,Executive Director,Yes,CEO,Mike,O'Grady
352,NVD,22806,83377,Jensen Huang,NVIDIA CORP,President/CEO,4/1/93,,Executive Director,Yes,CEO,Jensen,Huang
353,NVDA,22806,83377,Jensen Huang,NVIDIA CORP,President/CEO,4/1/93,,Executive Director,Yes,CEO,Jensen,Huang
354,NWL,22048,447647,Ravi Saligram,NEWELL BRANDS INC (Newell Rubbermaid Inc prior to 04/2016),President/CEO,10/2/19,5/5/22,Executive Director,Yes,CEO,Ravi,Saligram
355,NWS,1962516,1282519,Robert Thomson,NEWS CORP,CEO,6/28/13,,Executive Director,Yes,CEO,Robert,Thomson
356,NWSA,1962516,1282519,Robert Thomson,NEWS CORP,CEO,6/28/13,,Executive Director,Yes,CEO,Robert,Thomson
357,NWT,33264,33951,Charlie Scharf,WELLS FARGO & CO,President/CEO,10/21/19,,Executive Director,Yes,CEO,Charlie,Scharf
358,O,25864,1128307,Sumit Roy,REALTY INCOME CORP,President/CEO,10/16/18,,Executive Director,Yes,CEO,Sumit,Roy
359,ODFL,23040,896206,Greg Gantt,OLD DOMINION FREIGHT LINE INC,President/CEO,5/16/18,6/30/23,Executive Director,Yes,CEO,Greg,Gantt
360,OGN,1562505,2413290,Paddy Nicol,OROGEN ROYALTIES INC (Evrim Resources Corp prior to 08/2020),President/CEO,1/25/11,8/18/20,Executive Director,Yes,CEO,Paddy,Nicol
361,OKE,23165,620137,Terry Spencer,ONEOK INC (WAI Inc prior to 11/1997),President/CEO,1/31/14,6/28/21,Executive Director,Yes,CEO,Terry,Spencer
362,OMC,23113,35509,John Wren III,OMNICOM GROUP INC,Chairman/CEO,5/22/18,,Executive Director,Yes,CEO,John,Wren III
363,ON,23134,200418,Keith Jackson,ON SEMICONDUCTOR CORP,President/CEO,11/19/02,12/7/20,Executive Director,Yes,CEO,Keith,Jackson
364,OPC,22899,1304382,Vicki Hollub,OCCIDENTAL PETROLEUM CORP,President/CEO,4/29/16,,Executive Director,Yes,CEO,Vicki,Hollub
365,ORC,23295,33503,Safra Catz,ORACLE CORP,CEO,10/18/19,,Executive Director,Yes,CEO,Safra,Catz
366,ORCL,23295,33503,Safra Catz,ORACLE CORP,CEO,10/18/19,,Executive Director,Yes,CEO,Safra,Catz
367,OXY,22899,1304382,Vicki Hollub,OCCIDENTAL PETROLEUM CORP,President/CEO,4/29/16,,Executive Director,Yes,CEO,Vicki,Hollub
368,PARA,6098,23537,Bob Bakish,PARAMOUNT GLOBAL (Viacomcbs Inc prior to 02/2022),President/CEO,12/4/19,,Executive Director,Yes,CEO,Bob,Bakish
369,PAYC,2061294,1388163,Chad Richison,PAYCOM SOFTWARE INC,Chairman/President/CEO,8/1/16,2/7/24,Executive Director,Yes,CEO,Chad,Richison
370,PAYX,23945,39151,Martin Mucci,PAYCHEX INC,President/CEO,10/14/10,12/1/21,Executive Director,Yes,CEO,Martin,Mucci
371,PBCT,1013530,204547,Jack Barnes,PEOPLE'S UNITED FINANCIAL INC (De-listed 04/2022),Chairman/CEO,6/26/18,4/4/22,Executive Director,Yes,CEO,Jack,Barnes
372,PCAR,23563,1526154,R Feight,PACCAR INC,CEO,7/1/19,,Executive Director,Yes,CEO,R,Feight
373,PCG,24303,47996,Bill Johnson,PG&E CORP,President/CEO,6/21/19,6/30/20,Executive Director,Yes,CEO,Bill,Johnson
374,PCX,23945,39151,Martin Mucci,PAYCHEX INC,President/CEO,10/14/10,12/1/21,Executive Director,Yes,CEO,Martin,Mucci
375,PEG,25378,204007,Doctor Ralph Izzo,PUBLIC SERVICE ENTERPRISE GROUP INC,Chairman/President/CEO,4/1/07,8/31/22,Executive Director,Yes,CEO,Ralph ,Izzo
376,PEO,11376,534954,Chris Crane,EXELON CORP,President/CEO,3/12/12,10/17/22,Executive Director,Yes,CEO,Chris,Crane
377,PEP,24151,1304732,Ramon Laguarta,PEPSICO INC,Chairman/President/CEO,2/1/19,,Executive Director,Yes,CEO,Ramon,Laguarta
378,PFG,25087,333969,Dan Houston,PRINCIPAL FINANCIAL GROUP INC,Chairman/President/CEO,5/17/16,,Executive Director,Yes,CEO,Dan,Houston
379,PG,25150,549272,David Taylor,PROCTER & GAMBLE CO,Chairman/President/CEO,7/1/16,11/1/21,Executive Director,Yes,CEO,David,Taylor
380,PGR,25199,40291,Tricia Griffith,PROGRESSIVE CORP (OHIO),President/CEO,7/1/16,,Executive Director,Yes,CEO,Tricia,Griffith
381,PGV,25199,40291,Tricia Griffith,PROGRESSIVE CORP (OHIO),President/CEO,7/1/16,,Executive Director,Yes,CEO,Tricia,Griffith
382,PH,23834,502142,Tom Williams,PARKER-HANNIFIN CORP,Chairman/CEO,1/1/16,1/1/23,Executive Director,Yes,CEO,Tom,Williams
383,PHM,25407,1308442,Ryan Marshall,PULTEGROUP INC,President/CEO,9/8/16,,Executive Director,Yes,CEO,Ryan,Marshall
384,PKG,23635,205273,Mark Kowlzan,PACKAGING CORP OF AMERICA,Chairman/CEO,1/1/16,,Executive Director,Yes,CEO,Mark,Kowlzan
385,PKI,1719568,1248755,Bob Espey,PARKLAND CORP (Parkland Fuel Corp prior to 05/2020),President/CEO,5/12/11,,Executive Director,Yes,CEO,Bob,Espey
386,PLD,1710,60091,Hamid Moghadam,PROLOGIS INC (AMB Property Corp prior to 06/2011),Chairman/CEO,1/1/13,,Executive Director,Yes,CEO,Hamid,Moghadam
387,PM,1060044,36791,Andre Calantzopoulos,PHILIP MORRIS INTERNATIONAL INC,CEO,5/8/13,5/5/21,Executive Director,Yes,CEO,Andre,Calantzopoulos
388,PNC,24669,44576,William Demchak,PNC FINANCIAL SERVICES GROUP INC,Chairman/President/CEO,4/22/14,2/20/24,Executive Director,Yes,CEO,William,Demchak
389,PNCFO,24669,44576,William Demchak,PNC FINANCIAL SERVICES GROUP INC,Chairman/President/CEO,4/22/14,2/20/24,Executive Director,Yes,CEO,William,Demchak
390,PNP,24669,44576,William Demchak,PNC FINANCIAL SERVICES GROUP INC,Chairman/President/CEO,4/22/14,2/20/24,Executive Director,Yes,CEO,William,Demchak
391,PNW,24493,891832,Jeff Guldner,PINNACLE WEST CAPITAL CORP,Chairman/President/CEO,11/15/19,,Executive Director,Yes,CEO,Jeff,Guldner
392,PODD,862492,1519215,Shacey Petrovic,INSULET CORPORATION,President/CEO,1/1/19,6/1/22,Executive Director,Yes,CEO,Shacey,Petrovic
393,POOL,27358,1351667,Pete Arvan,POOL CORP (SCP Pool prior to 05/2006),President/CEO,7/31/19,,Executive Director,Yes,CEO,Pete,Arvan
394,PPG,24887,624113,Michael McGarry,PPG INDUSTRIES INC,Chairman/CEO,9/1/16,1/1/23,Executive Director,Yes,CEO,Michael,McGarry
395,PPL,24890,333782,Bill Spence,PPL CORP,Chairman/CEO,7/1/19,5/31/20,Executive Director,Yes,CEO,Bill,Spence
396,PRU,25332,885991,Charlie Lowrey Jr,PRUDENTIAL FINANCIAL INC,Chairman/President/CEO,4/5/19,,Executive Director,Yes,CEO,Charlie,Lowrey Jr
397,PSA,25380,270150,Joe Russell Jr,PUBLIC STORAGE (Public Storage Inc prior to 06/2007),President/CEO,1/1/19,,Executive Director,Yes,CEO,Joe,Russell Jr
398,PSE,25378,204007,Doctor Ralph Izzo,PUBLIC SERVICE ENTERPRISE GROUP INC,Chairman/President/CEO,4/1/07,8/31/22,Executive Director,Yes,CEO,Ralph ,Izzo
399,PSX,1813482,1089975,Greg Garland,PHILLIPS 66,Chairman/CEO,6/1/14,7/1/22,Executive Director,Yes,CEO,Greg,Garland
400,PUP,25380,270150,Joe Russell Jr,PUBLIC STORAGE (Public Storage Inc prior to 06/2007),President/CEO,1/1/19,,Executive Director,Yes,CEO,Joe,Russell Jr
401,PVH,24356,207452,Manny Chirico,PVH CORP,Chairman/CEO,6/19/07,2/1/21,Executive Director,Yes,CEO,Manny,Chirico
402,PWC,24493,891832,Jeff Guldner,PINNACLE WEST CAPITAL CORP,Chairman/President/CEO,11/15/19,,Executive Director,Yes,CEO,Jeff,Guldner
403,PWR,25544,1048547,Duke Austin Jr,QUANTA SERVICES INC,President/CEO/COO,3/14/16,1/26/22,Executive Director,Yes,CEO,Duke,Austin Jr
404,PXD,24506,66062,Scott Sheffield,PIONEER NATURAL RESOURCES CO,President/CEO,2/21/19,1/1/21,Executive Director,Yes,CEO,Scott,Sheffield
405,PYPL,2308850,54611,Dan Schulman,PAYPAL HOLDINGS INC,President/CEO,7/17/15,9/27/23,Executive Director,Yes,CEO,Dan,Schulman
406,QCOM,25529,34486,Doctor Irwin Jacobs,QUALCOMM INC,Chairman/CEO Emeritus,3/6/12,,Executive Director,Yes,CEO,Irwin ,Jacobs
407,QCOM,25529,640531,Steve Mollenkopf,QUALCOMM INC,CEO,3/4/14,6/30/21,Executive Director,Yes,CEO,Steve,Mollenkopf
408,QDI,25578,37246,Steve Rusckowski,QUEST DIAGNOSTICS INC,Chairman/President/CEO,1/1/17,11/1/22,Executive Director,Yes,CEO,Steve,Rusckowski
409,QRVO,2204149,181113,Bob Bruggeworth,QORVO INC,President/CEO,1/2/15,,Executive Director,Yes,CEO,Bob,Bruggeworth
410,RCL,26625,13413,Richard Fain,ROYAL CARIBBEAN CRUISES LTD (ROYAL CARIBBEAN GROUP),Chairman/CEO,4/1/88,1/3/22,Executive Director,Yes,CEO,Richard,Fain
411,REG,1792078,1061422,John Black,REGULUS RESOURCES INC,CEO,9/30/14,,Executive Director,Yes,CEO,John,Black
412,REGN,25954,201093,Doctor Len Schleifer,REGENERON PHARMACEUTICALS INC,President/CEO,1/1/94,6/9/23,Executive Director,Yes,CEO,Len ,Schleifer
413,RF,550049,488345,John Turner Jr,REGIONS FINANCIAL CORP,President/CEO,7/2/18,,Executive Director,Yes,CEO,John,Turner Jr
414,RGO,25954,201093,Doctor Len Schleifer,REGENERON PHARMACEUTICALS INC,President/CEO,1/1/94,6/9/23,Executive Director,Yes,CEO,Len ,Len Schleifer
415,RHI,26429,81587,Michael Waddell,ROBERT HALF INC (Robert Half International Inc prior to 07/2023),Vice Chairman/CEO/President,12/15/19,,Executive Director,Yes,CEO,Michael,Waddell
416,RHT,1243400,1664864,Doctor Lisa Crossley,RELIQ HEALTH TECHNOLOGIES INC (Moseda Technologies Inc prior to 05/2016),CEO,1/18/16,12/11/23,Executive Director,Yes,CEO,Lisa,Crossley
417,RJF,25808,275776,Paul Reilly,RAYMOND JAMES FINANCIAL INC,Chairman/CEO,2/16/17,,Executive Director,Yes,CEO,Paul,Reilly
418,RL,24726,884348,Patrice Louvet,RALPH LAUREN CORP,President/CEO,7/3/17,,Executive Director,Yes,CEO,Patrice,Louvet
419,RMD,26113,1089889,Mick Farrell,RESMED INC,CEO,3/1/13,1/25/23,Executive Director,Yes,CEO,Mick,Farrell
420,ROK,26468,1108705,Blake Moret,ROCKWELL AUTOMATION INC,Chairman/President/CEO,1/1/18,,Executive Director,Yes,CEO,Blake,Moret
421,ROL,26519,141669,Gary Rollins,ROLLINS INC,Vice Chairman/CEO,1/22/13,8/25/20,Executive Director,Yes,CEO,Gary,Rollins
422,ROP,26544,796522,Laurence Hunn,ROPER TECHNOLOGIES INC (Roper Industries Inc prior to 04/2015),President/CEO,9/19/18,,Executive Director,Yes,CEO,Laurence,Hunn
423,ROST,26560,487157,Barbara Rentler,ROSS STORES INC,CEO,6/1/14,5/19/21,Executive Director,Yes,CEO,Barbara,Rentler
424,RSG,26097,205673,Don Slager,REPUBLIC SERVICES INC,CEO,5/1/19,5/21/21,Executive Director,Yes,CEO,Don,Slager
425,RSO,26560,487157,Barbara Rentler,ROSS STORES INC,CEO,6/1/14,5/19/21,Executive Director,Yes,CEO,Barbara,Rentler
426,RWL,26468,1108705,Blake Moret,ROCKWELL AUTOMATION INC,Chairman/President/CEO,1/1/18,,Executive Director,Yes,CEO,Blake,Moret
427,SBAC,27160,346056,Jeff Stoops,SBA COMMUNICATIONS CORP,President/CEO,1/1/02,12/31/23,Executive Director,Yes,CEO,Jeff,Stoops
428,SBUX,29093,31844,Kevin Johnson,STARBUCKS CORP,President/CEO,4/3/17,4/4/22,Executive Director,Yes,CEO,Kevin,Johnson
429,SCHW,27292,486476,Walt Bettinger II,CHARLES SCHWAB CORP,President/CEO,10/1/08,10/15/21,Executive Director,Yes,CEO,Walt,Bettinger II
430,SCL,27242,484858,Olivier Le Peuch,SCHLUMBERGER LIMITED,CEO,8/1/19,,Executive Director,Yes,CEO,Olivier,Le Peuch
431,SDA,27418,516421,Ted Doheny II,SEALED AIR CORP,President/CEO,1/1/18,10/23/23,Executive Director,Yes,CEO,Ted,Doheny II
432,SEE,27418,516421,Ted Doheny II,SEALED AIR CORP,President/CEO,1/1/18,10/23/23,Executive Director,Yes,CEO,Ted,Doheny II
433,SHW,27786,60662,John Morikis,SHERWIN-WILLIAMS CO,Chairman/CEO,3/1/19,3/12/21,Executive Director,Yes,CEO,John,Morikis
434,SJM,28325,548682,Mark Smucker,J. M. SMUCKER CO (THE),President/CEO,5/1/16,8/17/22,Executive Director,Yes,CEO,Mark,Smucker
435,SLB,27242,484858,Olivier Le Peuch,SCHLUMBERGER LIMITED,CEO,8/1/19,,Executive Director,Yes,CEO,Olivier,Le Peuch
436,SLG,28228,181802,Marc Holliday,SL GREEN REALTY CORP,Chairman/CEO,1/1/19,12/31/23,Executive Director,Yes,CEO,Marc,Holliday
437,SNA,28335,206568,Nick Pinchuk,SNAP-ON INC,Chairman/President/CEO,4/23/09,,Executive Director,Yes,CEO,Nick,Pinchuk
438,SNPS,29816,64702,Doctor Aart De Geus,SYNOPSYS INC,Chairman/Co-CEO,5/21/12,4/30/22,Executive Director,Yes,CEO,Aart ,De Geus
439,SNPS,29816,64712,Doctor Chi-Foon Chan,SYNOPSYS INC,President/Co-CEO,5/21/12,11/1/21,Executive Director,Yes,CEO,ChiFoon ,Chan
440,SO,28665,325858,Tom Fanning,SOUTHERN CO,Chairman/President/CEO,12/1/10,3/31/23,Executive Director,Yes,CEO,Tom,Fanning
441,SPG,28041,70877,David Simon,SIMON PROPERTY GROUP INC,Chairman/President/CEO,2/15/19,,Executive Director,Yes,CEO,David,Simon
442,SPGI,19953,604942,Doug Peterson,S&P GLOBAL INC (McGraw Hill Financial Inc prior to 04/2016),President/CEO,11/1/13,,Executive Director,Yes,CEO,Doug,Peterson
443,SRB,29093,31844,Kevin Johnson,STARBUCKS CORP,President/CEO,4/3/17,4/4/22,Executive Director,Yes,CEO,Kevin,Johnson
444,STZ,7753,1130665,Bill Newlands Jr,CONSTELLATION BRANDS INC,President/CEO,3/1/19,,Executive Director,Yes,CEO,Bill,Newlands Jr
445,STZ.B,7753,1130665,Bill Newlands Jr,CONSTELLATION BRANDS INC,President/CEO,3/1/19,,Executive Director,Yes,CEO,Bill,Newlands Jr
446,SWK,29065,204774,Jim Loree,STANLEY BLACK & DECKER INC,President/CEO,8/1/16,2/23/21,Executive Director,Yes,CEO,Jim,Loree
447,SWKS,1573,327486,Liam Griffin,SKYWORKS SOLUTIONS INC (Alpha Industries prior to 6/2002),President/CEO,5/11/16,5/13/21,Executive Director,Yes,CEO,Liam,Griffin
448,SYF,2129744,1111132,Margaret Keane,SYNCHRONY FINANCIAL,CEO,5/2/19,4/1/21,Executive Director,Yes,CEO,Margaret,Keane
449,SYK,29405,1117420,Kevin Lobo,STRYKER CORP,Chair/CEO,8/1/18,10/1/21,Executive Director,Yes,CEO,Kevin,Lobo
450,T,27163,33072,Randall Stephenson Jr,AT&T INC (SBC Communications Inc prior to 11/2005),Chairman/CEO,10/1/19,7/1/20,Executive Director,Yes,CEO,Randall,Stephenson Jr
451,TAP,7847,1202080,Gavin Hattersley,MOLSON COORS BEVERAGE CO (Molson Coors Brewing Co prior to 01/2020),President/CEO,9/28/19,,Executive Director,Yes,CEO,Gavin,Hattersley
452,TAP.A,7847,1202080,Gavin Hattersley,MOLSON COORS BEVERAGE CO (Molson Coors Brewing Co prior to 01/2020),President/CEO,9/28/19,,Executive Director,Yes,CEO,Gavin,Hattersley
453,TDG,818089,895408,Doctor Kevin Stein,TRANSDIGM GROUP INC,President/CEO,4/26/18,,Executive Director,Yes,CEO,Kevin ,Stein
454,TER,30437,488571,Mark Jagiela,TERADYNE INC,President/CEO,2/1/14,7/1/22,Executive Director,Yes,CEO,Mark,Jagiela
455,TEY,30437,488571,Mark Jagiela,TERADYNE INC,President/CEO,2/1/14,7/1/22,Executive Director,Yes,CEO,Mark,Jagiela
456,TFC,3718,39271,Kelly King,TRUIST FINANCIAL CORP (BB&T Corp prior to 12/2019),Chairman/CEO,12/20/16,9/12/21,Executive Director,Yes,CEO,Kelly,King
457,TFX,30265,1115309,Liam Kelly,TELEFLEX INC,President/CEO,5/4/18,5/1/20,Executive Director,No,CEO,Liam,Kelly
458,TGT,29978,34696,Bill Andres,TARGET CORP,Chairman/CEO,,,Executive Director,No,CEO,Bill,Andres
459,TGT,29978,310363,Brian Cornell,TARGET CORP,Chair/CEO,8/12/14,,Executive Director,Yes,CEO,Brian,Cornell
460,TJX,30801,540575,Ernie Herrman,TJX COS INC,President/CEO,1/31/16,,Executive Director,Yes,CEO,Ernie,Herrman
461,TPR,7173,271683,Jide Zeitlin,TAPESTRY INC (Coach Inc prior to 10/2017),Chairman/CEO,9/4/19,7/20/20,Executive Director,Yes,CEO,Jide,Zeitlin
462,TROW,25020,489855,Bill Stromberg,T ROWE PRICE GROUP INC,Chairman/President/CEO,4/25/19,2/11/21,Executive Director,Yes,CEO,Bill,Stromberg
463,TRV,469152,533891,Alan Schnitzer,THE TRAVELERS COMPANIES INC (St Paul Travelers Companies Inc prior to 02/2007),Chairman/CEO,8/1/17,,Executive Director,Yes,CEO,Alan,Schnitzer
464,TSLA,1650150,1090701,Elon Musk,TESLA INC (Tesla Motors Inc prior to 02/2017),CEO,11/7/18,,Executive Director,Yes,CEO,Elon,Musk
465,TSN,31563,453851,Noel White,TYSON FOODS INC,CEO,12/20/19,10/3/20,Executive Director,Yes,CEO,Noel,White
466,TT,16041,336406,Mike Lamach,TRANE TECHNOLOGIES PLC (Ingersoll-Rand PLC prior to 03/2020),Chairman/CEO,6/4/10,7/1/21,Executive Director,Yes,CEO,Mike,Lamach
467,TTWO,29924,333171,Strauss Zelnick,TAKE TWO INTERACTIVE SOFTWARE INC,Chairman (Executive)/CEO,1/1/11,,Executive Director,Yes,CEO,Strauss,Zelnick
468,TWTR,2006706,1132809,Jack Dorsey,TWITTER INC (De-listed 10/2022),CEO,9/30/15,11/29/21,Executive Director,Yes,CEO,Jack,Dorsey
469,TXN,30509,13520,Rich Templeton,TEXAS INSTRUMENTS INC,Chairman/President/CEO,7/17/18,4/1/23,Executive Director,Yes,CEO,Rich,Templeton
470,TXT,30529,32459,Scott Donnelly,TEXTRON INC,Chairman/President/CEO,9/1/10,,Executive Director,Yes,CEO,Scott,Donnelly
471,TYL,31558,325238,H Moore Jr,TYLER TECHNOLOGIES INC,President/CEO,5/10/18,,Executive Director,Yes,CEO,H,Moore Jr
472,UAL,31575,160071,Oscar Munoz,UNITED AIRLINES HOLDINGS INC (United Continental Holdings Inc prior to 07/2019),CEO,8/29/16,5/20/20,Executive Director,No,CEO,Oscar,Munoz
473,UDR,32094,181650,Tom Toomey,UDR INC (United Dominion Realty Trust Inc prior to 03/2007),Chairman/CEO,1/1/19,,Executive Director,Yes,CEO,Tom,Toomey
474,UHS,31865,81852,Alan Miller,UNIVERSAL HEALTH SERVICES INC,Chairman/CEO,5/20/09,1/1/21,Executive Director,Yes,CEO,Alan,Miller
475,ULTA,465379,487099,Mary Dillon,ULTA BEAUTY INC (Ulta Salon Cosmetics & Fragrance Inc prior to 01/2017),CEO,7/1/13,6/2/21,Executive Director,Yes,CEO,Mary,Dillon
476,UNH,32107,333999,Dave Wichmann,UNITEDHEALTH GROUP INC,CEO,9/1/17,2/4/21,Executive Director,Yes,CEO,Dave,Wichmann
477,UNM,31898,340641,Rick McKenney,UNUM GROUP (UnumProvident Corp prior to 03/2007),President/CEO,5/21/15,,Executive Director,Yes,CEO,Rick,McKenney
478,UNP,31786,603672,Lance Fritz,UNION PACIFIC CORP,Chairman/President/CEO,10/1/15,8/14/23,Executive Director,Yes,CEO,Lance,Fritz
479,UPS,32137,41806,David Abney,UNITED PARCEL SERVICE (UPS) INC,Chairman/CEO,2/10/16,6/1/20,Executive Director,Yes,CEO,David,Abney
480,URI,32144,628081,Matt Flannery,UNITED RENTALS INC,President/CEO,5/8/19,,Executive Director,Yes,CEO,Matt,Flannery
481,USB,31946,34167,Andy Cecere,US BANCORP,Chairman/President/CEO,4/17/18,,Executive Director,Yes,CEO,Andy,Cecere
482,USB.PRA,31946,34167,Andy Cecere,US BANCORP,Chairman/President/CEO,4/17/18,,Executive Director,Yes,CEO,Andy,Cecere
483,USB.PRH,31946,34167,Andy Cecere,US BANCORP,Chairman/President/CEO,4/17/18,,Executive Director,Yes,CEO,Andy,Cecere
484,UUM,31898,340641,Rick McKenney,UNUM GROUP (UnumProvident Corp prior to 03/2007),President/CEO,5/21/15,,Executive Director,Yes,CEO,Rick,McKenney
485,UWS,33114,1119364,Jim Fish Jr,WASTE MANAGEMENT INC,President/CEO,11/10/16,,Executive Director,Yes,CEO,Jim,Fish Jr
486,V,937594,33689,Al Kelly Jr,VISA INC,Chairman/CEO,4/16/19,2/1/23,Executive Director,Yes,CEO,Al,Kelly Jr
487,VAR,32375,453565,Dow Wilson,VARIAN MEDICAL SYSTEMS INC (De-listed 04/2021),President/CEO,9/29/12,10/5/20,Executive Director,Yes,CEO,Dow,Wilson
488,VFC,32574,831805,Steve Rendle,VF CORP,Chairman (Executive)/President/CEO,10/28/17,12/2/22,Executive Director,Yes,CEO,Steve,Rendle
489,VFP,32574,831805,Steve Rendle,VF CORP,Chairman (Executive)/President/CEO,10/28/17,12/2/22,Executive Director,Yes,CEO,Steve,Rendle
490,VICI,2771146,648089,Ed Pitoniak,VICI PROPERTIES INC,CEO,2/1/18,,Executive Director,Yes,CEO,Ed,Pitoniak
491,VMC,32979,1085549,Tom Hill,VULCAN MATERIALS CO,Chairman/President/CEO,1/1/16,9/20/23,Executive Director,Yes,CEO,Tom,Hill
492,VNO,32928,142089,Steve Roth,VORNADO REALTY TRUST,Chairman/CEO,4/15/13,,Executive Director,Yes,CEO,Steve,Roth
493,VNORP,32928,142089,Steve Roth,VORNADO REALTY TRUST,Chairman/CEO,4/15/13,,Executive Director,Yes,CEO,Steve,Roth
494,VRSK,1586724,982579,Scott Stephenson,VERISK ANALYTICS INC,Chairman/President/CEO,4/1/16,5/5/22,Executive Director,Yes,CEO,Scott,Stephenson
495,VTR,32450,180625,Debra Cafaro,VENTAS INC (Vencor Inc prior to 04/1998),Chairman/CEO,11/2/10,,Executive Director,Yes,CEO,Debra,Cafaro
496,VZ,32507,454544,Hans Vestberg,VERIZON COMMUNICATIONS INC,Chairman/CEO,3/8/19,,Executive Director,Yes,CEO,Hans,Vestberg
497,WAB,33000,1188120,Rafael Santana,WESTINGHOUSE AIR BRAKE TECHNOLOGIES CORP,President/CEO,7/1/19,,Executive Director,Yes,CEO,Rafael,Santana
498,WBA,33026,3997,Stefano Pessina,WALGREENS BOOTS ALLIANCE INC (Walgreen Co prior to 12/2014),Executive Vice Chairman/CEO,7/9/15,3/15/21,Executive Director,Yes,CEO,Stefano,Pessina
499,WEC,33607,885203,Kevin Fletcher,WEC ENERGY GROUP INC (Wisconsin Energy Corp prior to 06/2015),President/CEO,2/1/19,2/1/22,Executive Director,Yes,CEO,Kevin,Fletcher
500,WELL,14484,183802,Tom DeRosa,WELLTOWER INC (Health Care REIT Inc prior to 09/2015),Chairman/CEO,5/2/19,10/5/20,Executive Director,Yes,CEO,Tom,DeRosa
501,WFC,33264,33951,Charlie Scharf,WELLS FARGO & CO,President/CEO,10/21/19,,Executive Director,Yes,CEO,Charlie,Scharf
502,WHC,33418,1266749,Devin Stockfish,WEYERHAEUSER CO,President/CEO,1/1/19,,Executive Director,Yes,CEO,Devin,Stockfish
503,WHR,33437,485987,Doctor Marc Bitzer,WHIRLPOOL CORP,Chairman/President/CEO,1/1/19,9/1/21,Executive Director,Yes,CEO,Marc ,Bitzer
504,WM,33114,1119364,Jim Fish Jr,WASTE MANAGEMENT INC,President/CEO,11/10/16,,Executive Director,Yes,CEO,Jim,Fish Jr
505,WMB,33512,443291,Alan Armstrong,WILLIAMS COMPANIES INC,President/CEO,1/3/11,,Executive Director,Yes,CEO,Alan,Armstrong
506,WMT,33046,32097,Doug McMillon,WALMART INC (Wal-Mart Stores Inc prior to 02/2018),President/CEO,2/1/14,,Executive Director,Yes,CEO,Doug,McMillon
507,WRK,2302775,325766,Steve Voorhees,WESTROCK CO,President/CEO,7/1/15,3/15/21,Executive Director,Yes,CEO,Steve,Voorhees
508,WST,33314,1194462,Eric Green,WEST PHARMACEUTICAL SERVICES INC,President/CEO,12/17/15,5/24/22,Executive Director,Yes,CEO,Eric,Green
509,WU,840164,502258,Hikmet Ersek,WESTERN UNION CO,President/CEO,9/1/10,12/31/21,Executive Director,Yes,CEO,Hikmet,Ersek
510,WY,33418,1266749,Devin Stockfish,WEYERHAEUSER CO,President/CEO,1/1/19,,Executive Director,Yes,CEO,Devin,Stockfish
511,WYNN,136226,488858,Matt Maddox,WYNN RESORTS LTD,CEO,5/29/19,1/31/22,Executive Director,Yes,CEO,Matt,Maddox
512,XLNX,33857,339239,Victor Peng,XILINX INC (De-listed 02/2022),President/CEO,1/29/18,2/14/22,Executive Director,Yes,CEO,Victor,Peng
513,XOM,11430,1253894,Darren Woods,EXXON MOBIL CORP,Chairman/CEO,1/1/17,,Executive Director,Yes,CEO,Darren,Woods
514,XONA,11430,1253894,Darren Woods,EXXON MOBIL CORP,Chairman/CEO,1/1/17,,Executive Director,Yes,CEO,Darren,Woods
515,XRAY,9023,590656,Don Casey Jr,DENTSPLY SIRONA INC (DENTSPLY International Inc prior to 02/2016),CEO,2/12/18,4/19/22,Executive Director,Yes,CEO,Don,Casey Jr
516,XRX,33850,1117881,John Visentin,XEROX HOLDINGS CORP (Xerox Corp prior to 08/2019),Vice Chairman/CEO,5/14/18,6/28/22,Executive Director,Yes,CEO,John,Visentin
517,XYL,1731107,598774,Patrick Decker,XYLEM INC,President/CEO,3/17/14,12/31/23,Executive Director,Yes,CEO,Patrick,Decker
518,YCP,24355,486834,Ryan Lance,CONOCOPHILLIPS COMPANY,Chairman/CEO,5/1/12,,Executive Director,Yes,CEO,Ryan,Lance
519,ZB1,34139,57861,Harris Simmons,ZIONS BANCORPORATION NA (Zions Bancorporation prior to 10/2018),Chairman/CEO,3/4/14,,Executive Director,Yes,CEO,Harris,Simmons
520,ZBH,34134,1119554,Bryan Hanson,ZIMMER BIOMET HOLDINGS INC (Zimmer Holdings Inc prior to 06/2015),President/CEO,12/19/17,5/14/21,Executive Director,Yes,CEO,Bryan,Hanson
521,ZBRA,34075,204453,Anders Gustafsson,ZEBRA TECHNOLOGIES CORP,CEO,9/4/07,3/1/23,Executive Director,Yes,CEO,Anders,Gustafsson
522,ZION,34139,57861,Harris Simmons,ZIONS BANCORPORATION NA (Zions Bancorporation prior to 10/2018),Chairman/CEO,3/4/14,,Executive Director,Yes,CEO,Harris,Simmons