1+2num,CompanyID,1num,tic,1conm_x,3CompanyName,gvkey,1ceo_minority,1ethnicity (from boardex),1ceo_name,3DirectorName,3FirstName,3LastName,1ceo_race(black),3RoleType,3RoleName,3Seniority,2020_Active_May26_Dec31,3DateStartRole,3DateEndRole,2020_CEO_Change,2020_2CEOs,X3num,X3CompanyID,X3DirectorID
6,6,231,ABC,AMERISOURCEBERGEN CORP,NA,31673,0,CAUCASIAN/WHITE,NA,NA,NA,NA,NA,NA,NA,NA,NA,NA,NA,,,NA,NA,NA
8,8,220,ABT,ABBOTT LABORATORIES,NA,1078,1,HISPANIC/LATIN AMERICAN,NA,NA,NA,NA,NA,NA,NA,NA,NA,NA,NA,,,NA,NA,NA
17,17,16,AFL,AFLAC INC,NA,1449,0,CAUCASIAN/WHITE,NA,NA,NA,NA,NA,NA,NA,NA,NA,NA,NA,,,NA,NA,NA
18,18,448,AIG,AMERICAN INTERNATIONAL GROUP,NA,1487,0,CAUCASIAN/WHITE,NA,NA,NA,NA,NA,NA,NA,NA,NA,NA,NA,,,NA,NA,NA
23,23,27,ALB,ALBEMARLE CORP,NA,29751,0,CAUCASIAN/WHITE,NA,NA,NA,NA,NA,NA,NA,NA,NA,NA,NA,,,NA,NA,NA
33,33,431,AMT,AMERICAN TOWER CORP,NA,105365,0,CAUCASIAN/WHITE,NA,NA,NA,NA,NA,NA,NA,NA,NA,NA,NA,,,NA,NA,NA
47,47,281,AWK,AMERICAN WATER WORKS CO INC,NA,179437,0,CAUCASIAN/WHITE,NA,NA,NA,NA,NA,NA,NA,NA,NA,NA,NA,,,NA,NA,NA
50,50,378,BA,BOEING CO,NA,2285,0,CAUCASIAN/WHITE,NA,NA,NA,NA,NA,NA,NA,NA,NA,NA,NA,,,NA,NA,NA
56,56,181,BDX,BECTON DICKINSON & CO,NA,2111,0,CAUCASIAN/WHITE,NA,NA,NA,NA,NA,NA,NA,NA,NA,NA,NA,,,NA,NA,NA
57,57,411,BEN,FRANKLIN RESOURCES INC,NA,4885,0,CAUCASIAN/WHITE,NA,NA,NA,NA,NA,NA,NA,NA,NA,NA,NA,,,NA,NA,NA
67,67,137,BR,BROADRIDGE FINANCIAL SOLUTNS,NA,176928,0,CAUCASIAN/WHITE,NA,NA,NA,NA,NA,NA,NA,NA,NA,NA,NA,,,NA,NA,NA
75,75,168,CARR,CARRIER GLOBAL CORP,NA,36191,0,CAUCASIAN/WHITE,NA,NA,NA,NA,NA,NA,NA,NA,NA,NA,NA,,,NA,NA,NA
83,83,265,CE,CELANESE CORP,NA,162254,0,CAUCASIAN/WHITE,NA,NA,NA,NA,NA,NA,NA,NA,NA,NA,NA,,,NA,NA,NA
84,84,44,CEG,CONSTELLATION ENE CORP,NA,40614,0,CAUCASIAN/WHITE,NA,NA,NA,NA,NA,NA,NA,NA,NA,NA,NA,,,NA,NA,NA
95,95,266,CMA,COMERICA INC,NA,3231,0,CAUCASIAN/WHITE,NA,NA,NA,NA,NA,NA,NA,NA,NA,NA,NA,,,NA,NA,NA
102,102,149,CNP,CENTERPOINT ENERGY INC,NA,5742,0,CAUCASIAN/WHITE,NA,NA,NA,NA,NA,NA,NA,NA,NA,NA,NA,,,NA,NA,NA
109,109,442,CRM,SALESFORCE INC,NA,157855,0,CAUCASIAN/WHITE,NA,NA,NA,NA,NA,NA,NA,NA,NA,NA,NA,,,NA,NA,NA
118,118,257,CTXS,CITRIX SYSTEMS INC,NA,61676,0,CAUCASIAN/WHITE,NA,NA,NA,NA,NA,NA,NA,NA,NA,NA,NA,,,NA,NA,NA
123,123,294,DD,DUPONT DE NEMOURS INC,NA,4060,0,CAUCASIAN/WHITE,NA,NA,NA,NA,NA,NA,NA,NA,NA,NA,NA,,,NA,NA,NA
128,128,115,DHI,D R HORTON INC,NA,25340,0,CAUCASIAN/WHITE,NA,NA,NA,NA,NA,NA,NA,NA,NA,NA,NA,,,NA,NA,NA
130,130,329,DIS,DISNEY (WALT) CO,NA,3980,0,CAUCASIAN/WHITE,NA,NA,NA,NA,NA,NA,NA,NA,NA,NA,NA,,,NA,NA,NA
131,131,216,DISH,DISH NETWORK CORP,NA,60900,0,CAUCASIAN/WHITE,NA,NA,NA,NA,NA,NA,NA,NA,NA,NA,NA,,,NA,NA,NA
135,135,96,DOW,DOW INC,NA,34443,0,CAUCASIAN/WHITE,NA,NA,NA,NA,NA,NA,NA,NA,NA,NA,NA,,,NA,NA,NA
146,146,354,EBAY,EBAY INC,NA,114524,0,CAUCASIAN/WHITE,NA,NA,NA,NA,NA,NA,NA,NA,NA,NA,NA,,,NA,NA,NA
168,168,399,EXPE,EXPEDIA GROUP INC,NA,126296,0,CAUCASIAN/WHITE,NA,NA,NA,NA,NA,NA,NA,NA,NA,NA,NA,,,NA,NA,NA
174,173,226,FBHS,FORTUNE BRANDS HOME & SECUR,NA,188255,0,CAUCASIAN/WHITE,NA,NA,NA,NA,NA,NA,NA,NA,NA,NA,NA,,,NA,NA,NA
179,178,400,FFIV,F5 INC,NA,121077,1,BLACK/AFRICAN AMERICAN,NA,NA,NA,NA,NA,NA,NA,NA,NA,NA,NA,,,NA,NA,NA
181,180,92,FISV,FISERV INC,NA,12635,1,ASIAN (EXCLUDE INDIAN/SOUTH ASIAN),NA,NA,NA,NA,NA,NA,NA,NA,NA,NA,NA,,,NA,NA,NA
187,186,458,FOXA,FOX CORP,NA,34636,0,CAUCASIAN/WHITE,NA,NA,NA,NA,NA,NA,NA,NA,NA,NA,NA,,,NA,NA,NA
188,187,443,FRC,FIRST REPUBLIC BANK,NA,14275,0,CAUCASIAN/WHITE,NA,NA,NA,NA,NA,NA,NA,NA,NA,NA,NA,,,NA,NA,NA
194,193,384,GEHC,GE HEALTHCARE TECHNOLOGI INC,NA,41818,0,CAUCASIAN/WHITE,NA,NA,NA,NA,NA,NA,NA,NA,NA,NA,NA,,,NA,NA,NA
199,197,85,GLW,CORNING INC,NA,3532,0,CAUCASIAN/WHITE,NA,NA,NA,NA,NA,NA,NA,NA,NA,NA,NA,,,NA,NA,NA
204,202,444,GPS,GAP INC,NA,4990,1,INDIAN/SOUTH ASIAN,NA,NA,NA,NA,NA,NA,NA,NA,NA,NA,NA,,,NA,NA,NA
226,224,199,HWM,HOWMET AEROSPACE INC,NA,28192,0,CAUCASIAN/WHITE,NA,NA,NA,NA,NA,NA,NA,NA,NA,NA,NA,,,NA,NA,NA
227,225,289,IBM,INTL BUSINESS MACHINES CORP,NA,6066,1,INDIAN/SOUTH ASIAN,NA,NA,NA,NA,NA,NA,NA,NA,NA,NA,NA,,,NA,NA,NA
230,228,385,IEX,IDEX CORP,NA,15267,0,CAUCASIAN/WHITE,NA,NA,NA,NA,NA,NA,NA,NA,NA,NA,NA,,,NA,NA,NA
257,255,200,KHC,KRAFT HEINZ CO,NA,5568,0,CAUCASIAN/WHITE,NA,NA,NA,NA,NA,NA,NA,NA,NA,NA,NA,,,NA,NA,NA
260,258,271,KMB,KIMBERLY-CLARK CORP,NA,6435,1,ASIAN (EXCLUDE INDIAN/SOUTH ASIAN),NA,NA,NA,NA,NA,NA,NA,NA,NA,NA,NA,,,NA,NA,NA
268,266,76,LEG,LEGGETT & PLATT INC,NA,6649,0,CAUCASIAN/WHITE,NA,NA,NA,NA,NA,NA,NA,NA,NA,NA,NA,,,NA,NA,NA
285,283,290,MA,MASTERCARD INC,NA,160225,1,INDIAN/SOUTH ASIAN,NA,NA,NA,NA,NA,NA,NA,NA,NA,NA,NA,,,NA,NA,NA
303,301,67,MO,ALTRIA GROUP INC,NA,8543,0,CAUCASIAN/WHITE,NA,NA,NA,NA,NA,NA,NA,NA,NA,NA,NA,,,NA,NA,NA
324,322,279,NKE,NIKE INC -CL B,NA,7906,0,CAUCASIAN/WHITE,NA,NA,NA,NA,NA,NA,NA,NA,NA,NA,NA,,,NA,NA,NA
325,323,39,NLOK,NORTONLIFELOCK INC,NA,15855,0,CAUCASIAN/WHITE,NA,NA,NA,NA,NA,NA,NA,NA,NA,NA,NA,,,NA,NA,NA
334,332,32,NUE,NUCOR CORP,NA,8030,0,CAUCASIAN/WHITE,NA,NA,NA,NA,NA,NA,NA,NA,NA,NA,NA,,,NA,NA,NA
345,343,93,ORLY,O'REILLY AUTOMOTIVE INC,NA,28180,0,CAUCASIAN/WHITE,NA,NA,NA,NA,NA,NA,NA,NA,NA,NA,NA,,,NA,NA,NA
346,344,244,OTIS,OTIS WORLDWIDE CORP,NA,36190,0,CAUCASIAN/WHITE,NA,NA,NA,NA,NA,NA,NA,NA,NA,NA,NA,,,NA,NA,NA
354,352,422,PEAK,HEALTHPEAK PROPERTIES INC,NA,13125,0,CAUCASIAN/WHITE,NA,NA,NA,NA,NA,NA,NA,NA,NA,NA,NA,,,NA,NA,NA
357,355,476,PFE,PFIZER INC,NA,8530,0,CAUCASIAN/WHITE,NA,NA,NA,NA,NA,NA,NA,NA,NA,NA,NA,,,NA,NA,NA
397,394,321,RTN,RAYTHEON CO,NA,8972,0,CAUCASIAN/WHITE,NA,NA,NA,NA,NA,NA,NA,NA,NA,NA,NA,,,NA,NA,NA
398,395,322,RTX,RAYTHEON TECHNOLOGIES CORP,NA,10983,0,CAUCASIAN/WHITE,NA,NA,NA,NA,NA,NA,NA,NA,NA,NA,NA,,,NA,NA,NA
404,401,369,SIVB,SVB FINANCIAL GROUP,NA,17120,0,CAUCASIAN/WHITE,NA,NA,NA,NA,NA,NA,NA,NA,NA,NA,NA,,,NA,NA,NA
414,410,210,SRE,SEMPRA ENERGY,NA,8272,0,CAUCASIAN/WHITE,NA,NA,NA,NA,NA,NA,NA,NA,NA,NA,NA,,,NA,NA,NA
415,411,435,STT,STATE STREET CORP,NA,10035,0,CAUCASIAN/WHITE,NA,NA,NA,NA,NA,NA,NA,NA,NA,NA,NA,,,NA,NA,NA
421,417,164,SYY,SYSCO CORP,NA,10247,0,CAUCASIAN/WHITE,NA,NA,NA,NA,NA,NA,NA,NA,NA,NA,NA,,,NA,NA,NA
425,421,198,TDY,TELEDYNE TECHNOLOGIES INC,NA,126721,0,CAUCASIAN/WHITE,NA,NA,NA,NA,NA,NA,NA,NA,NA,NA,NA,,,NA,NA,NA
432,427,325,TMO,THERMO FISHER SCIENTIFIC INC,NA,10530,0,CAUCASIAN/WHITE,NA,NA,NA,NA,NA,NA,NA,NA,NA,NA,NA,,,NA,NA,NA
433,428,404,TMUS,T-MOBILE US INC,NA,17874,0,CAUCASIAN/WHITE,NA,NA,NA,NA,NA,NA,NA,NA,NA,NA,NA,,,NA,NA,NA
435,430,165,TRGP,TARGA RESOURCES CORP,NA,185532,0,CAUCASIAN/WHITE,NA,NA,NA,NA,NA,NA,NA,NA,NA,NA,NA,,,NA,NA,NA
436,431,371,TRMB,TRIMBLE INC,NA,22815,0,CAUCASIAN/WHITE,NA,NA,NA,NA,NA,NA,NA,NA,NA,NA,NA,,,NA,NA,NA
439,434,87,TSCO,TRACTOR SUPPLY CO,NA,29736,0,CAUCASIAN/WHITE,NA,NA,NA,NA,NA,NA,NA,NA,NA,NA,NA,,,NA,NA,NA
444,439,10,TWX,WarnerMedia,NA,164296,0,CAUCASIAN/WHITE,NA,NA,NA,NA,NA,NA,NA,NA,NA,NA,NA,,,NA,NA,NA
448,443,46,UAA,UNDER ARMOUR INC,NA,165052,0,CAUCASIAN/WHITE,NA,NA,NA,NA,NA,NA,NA,NA,NA,NA,NA,,,NA,NA,NA
463,458,190,VLO,VALERO ENERGY CORP,NA,15247,0,CAUCASIAN/WHITE,NA,NA,NA,NA,NA,NA,NA,NA,NA,NA,NA,,,NA,NA,NA
467,462,74,VRSN,VERISIGN INC,NA,66368,0,CAUCASIAN/WHITE,NA,NA,NA,NA,NA,NA,NA,NA,NA,NA,NA,,,NA,NA,NA
468,463,436,VRTX,VERTEX PHARMACEUTICALS INC,NA,24344,1,INDIAN/SOUTH ASIAN,NA,NA,NA,NA,NA,NA,NA,NA,NA,NA,NA,,,NA,NA,NA
470,465,91,VTRS,VIATRIS INC,NA,7637,0,CAUCASIAN/WHITE,NA,NA,NA,NA,NA,NA,NA,NA,NA,NA,NA,,,NA,NA,NA
473,468,179,WAT,WATERS CORP,NA,61574,0,CAUCASIAN/WHITE,NA,NA,NA,NA,NA,NA,NA,NA,NA,NA,NA,,,NA,NA,NA
475,470,373,WDC,WESTERN DIGITAL CORP,NA,11399,0,CAUCASIAN/WHITE,NA,NA,NA,NA,NA,NA,NA,NA,NA,NA,NA,,,NA,NA,NA
483,478,240,WRB,BERKLEY (W R) CORP,NA,14822,0,CAUCASIAN/WHITE,NA,NA,NA,NA,NA,NA,NA,NA,NA,NA,NA,,,NA,NA,NA
489,484,311,XEL,XCEL ENERGY INC,NA,7977,0,CAUCASIAN/WHITE,NA,NA,NA,NA,NA,NA,NA,NA,NA,NA,NA,,,NA,NA,NA
495,490,196,YUM,YUM BRANDS INC,NA,65417,0,CAUCASIAN/WHITE,NA,NA,NA,NA,NA,NA,NA,NA,NA,NA,NA,,,NA,NA,NA
499,494,120,ZTS,ZOETIS INC,NA,13721,0,CAUCASIAN/WHITE,NA,NA,NA,NA,NA,NA,NA,NA,NA,NA,NA,,,NA,NA,NA
1,1,345,A,AGILENT TECHNOLOGIES INC,AGILENT TECHNOLOGIES INC,126554,0,CAUCASIAN/WHITE,NA,Mike McMullen,Mike,McMullen,NA,CEO,President/CEO,Executive Director,Yes,3/18/15,,,,2,1060,598782
2,2,114,AAL,AMERICAN AIRLINES GROUP INC,AMERICAN AIRLINES GROUP INC (AMR Corp prior to 12/2013),1045,0,CAUCASIAN/WHITE,NA,Doug Parker Jr,Doug,Parker Jr,NA,CEO,Chairman/CEO,Executive Director,Yes,6/4/14,3/31/22,,,3,2021732,273457
3,3,17,AAP,ADVANCE AUTO PARTS INC,ADVANCE AUTO PARTS INC,145977,0,CAUCASIAN/WHITE,NA,Tom Greco,Tom,Greco,NA,CEO,President/CEO,Executive Director,Yes,8/14/16,9/11/23,,,4,95856,1013356
4,4,346,AAPL,APPLE INC,APPLE INC (Apple Computer Inc prior to 01/2007),1690,0,CAUCASIAN/WHITE,NA,Tim Cook,Tim,Cook,NA,CEO,CEO,Executive Director,Yes,8/24/11,,,,5,2355,55422
5,5,219,ABBV,ABBVIE INC,ABBVIE INC,16101,1,HISPANIC/LATIN AMERICAN,NA,Rick Gonzalez,Rick,Gonzalez,NA,CEO,Chairman/CEO,Executive Director,Yes,1/2/13,,,,6,1921326,33494
7,7,233,ABMD,ABIOMED INC,ABIOMED INC (De-listed 12/2022),13619,0,CAUCASIAN/WHITE,NA,Mike Minogue,Mike,Minogue,NA,CEO,Chairman/President/CEO,Executive Director,Yes,6/15/05,12/22/22,,,7,481,336173
9,9,347,ADBE,ADOBE INC,ADOBE INC (Adobe Systems Inc prior to 10/2018),12540,1,INDIAN/SOUTH ASIAN,NA,Shantanu Narayen,Shantanu,Narayen,NA,CEO,Chairman/President/CEO,Executive Director,Yes,1/27/17,1/13/22,,,8,808,49351
10,10,312,ADI,ANALOG DEVICES INC,ANALOG DEVICES INC,1632,0,CAUCASIAN/WHITE,NA,Vincent Roche,Vincent,Roche,NA,CEO,President/CEO,Executive Director,Yes,5/6/13,3/9/22,,,9,2145,35469
11,11,375,ADM,ARCHER-DANIELS-MIDLAND CO,ARCHER-DANIELS-MIDLAND CO,1722,1,HISPANIC/LATIN AMERICAN,NA,Juan Luciano,Juan,Luciano,NA,CEO,Chairman/President/CEO,Executive Director,Yes,1/1/16,,,,10,2490,890753
12,12,408,ADP,AUTOMATIC DATA PROCESSING,AUTOMATIC DATA PROCESSING INC (ADP),1891,1,HISPANIC/LATIN AMERICAN,NA,Carlos Rodriguez,Carlos,Rodriguez,NA,CEO,President/CEO,Executive Director,Yes,11/8/11,1/1/22,,,11,3101,745222
13,13,441,ADSK,AUTODESK INC,AUTODESK INC,1878,0,CAUCASIAN/WHITE,NA,Doctor Andrew Anagnost,Andrew,Anagnost,NA,CEO,President/CEO,Executive Director,Yes,6/19/17,1/19/21,,,12,3118,1203207
14,14,439,AEE,AMEREN CORP,AMEREN CORP,10860,0,CAUCASIAN/WHITE,NA,Warner Baxter,Warner,Baxter,NA,CEO,Chairman/President/CEO,Executive Director,Yes,7/1/14,1/1/22,,,13,1976,51707
15,15,259,AEP,AMERICAN ELECTRIC POWER CO,AMERICAN ELECTRIC POWER CO INC,1440,0,CAUCASIAN/WHITE,NA,Nick Akins,Nick,Akins,NA,CEO,Chairman/President/CEO,Executive Director,Yes,1/1/14,8/10/22,,,14,1809,533555
16,16,77,AES,AES CORP (THE),AES CORP,24216,1,HISPANIC/LATIN AMERICAN,NA,Doctor Andres Gluski Weilert,Andres,Weilert,NA,CEO,President/CEO,Executive Director,Yes,9/30/11,,,,15,979,452889
19,19,419,AIV,APARTMENT INVST & MGMT CO,APARTMENT INVESTMENT & MANAGEMENT CO (AIMCO),30490,0,CAUCASIAN/WHITE,NA,The Hon. Terry Considine,Terry,Considine,NA,CEO,Chairman/CEO,Executive Director,Yes,2/10/09,12/15/20,,,16,2310,87112
20,20,449,AIZ,ASSURANT INC,ASSURANT INC,157057,0,CAUCASIAN/WHITE,NA,Alan Colberg,Alan,Colberg,NA,CEO,President/CEO,Executive Director,Yes,1/1/15,5/18/21,,,17,550072,853893
21,21,376,AJG,ARTHUR J GALLAGHER & CO,ARTHUR J GALLAGHER & CO,4973,0,CAUCASIAN/WHITE,NA,Pat Gallagher Jr,Pat,Gallagher Jr,NA,CEO,Chairman/President/CEO,Executive Director,Yes,10/19/06,1/1/24,,,18,12761,81627
22,22,313,AKAM,AKAMAI TECHNOLOGIES INC,AKAMAI TECHNOLOGIES INC,125595,0,CAUCASIAN/WHITE,NA,Doctor Tom Leighton,Tom,Leighton,NA,CEO,CEO,Executive Director,Yes,1/1/13,,,,19,1221,183176
24,24,36,ALGN,ALIGN TECHNOLOGY INC,ALIGN TECHNOLOGY INC,141384,0,CAUCASIAN/WHITE,NA,Joe Hogan,Joe,Hogan,NA,CEO,President/CEO,Executive Director,Yes,6/1/15,,,,20,1384,32461
25,25,395,ALK,ALASKA AIR GROUP INC,ALASKA AIR GROUP INC,1230,0,CAUCASIAN/WHITE,NA,Brad Tilden,Brad,Tilden,NA,CEO,Chairman/President/CEO,Executive Director,Yes,1/1/14,3/31/21,,,21,1273,220505
26,26,377,ALL,ALLSTATE CORP,ALLSTATE CORP,28349,0,CAUCASIAN/WHITE,NA,Tom Wilson II,Tom,Wilson II,NA,CEO,Chairman/President/CEO,Executive Director,Yes,2/23/18,,,,22,1534,34944
27,27,430,ALXN,ALEXION PHARMACEUTICALS INC,ALEXION PHARMACEUTICALS INC (De-listed 07/2021),62263,0,CAUCASIAN/WHITE,NA,Doctor Ludwig Hantson,Ludwig,Hantson,NA,CEO,CEO,Executive Director,Yes,3/27/17,7/21/21,,,23,1355,1077323
28,28,348,AMAT,APPLIED MATERIALS INC,APPLIED MATERIALS INC,1704,0,CAUCASIAN/WHITE,NA,Gary Dickerson,Gary,Dickerson,NA,CEO,President/CEO,Executive Director,Yes,9/1/13,,,,24,2382,50901
29,29,349,AMD,ADVANCED MICRO DEVICES,ADVANCED MICRO DEVICES INC (AMD),1161,1,ASIAN (EXCLUDE INDIAN/SOUTH ASIAN),NA,Doctor Lisa Su,Lisa,Su,NA,CEO,President/CEO,Executive Director,Yes,10/8/14,2/14/22,,,25,881,542142
30,30,186,AME,AMETEK INC,AMETEK INC,1598,0,CAUCASIAN/WHITE,NA,David Zapico,David,Zapico,NA,CEO,Chairman/CEO,Executive Director,Yes,7/7/17,,,,26,2058,205055
31,31,197,AMGN,AMGEN INC,AMGEN INC,1602,0,CAUCASIAN/WHITE,NA,Bob Bradway,Bob,Bradway,NA,CEO,Chairman/President/CEO,Executive Director,Yes,1/1/13,,,,27,2068,534543
32,32,304,AMP,AMERIPRISE FINANCIAL INC,AMERIPRISE FINANCIAL INC,164708,0,CAUCASIAN/WHITE,NA,Jim Cracchiolo,Jim,Cracchiolo,NA,CEO,Chairman/CEO,Executive Director,Yes,9/30/05,,,,28,667645,33676
34,34,396,AMZN,AMAZON.COM INC,AMAZON.COM INC,64768,0,CAUCASIAN/WHITE,NA,Jeff Bezos,Jeff,Bezos,NA,CEO,Chairman/President/CEO,Executive Director,Yes,10/1/00,7/5/21,,,29,1703,45136
35,35,350,ANET,ARISTA NETWORKS INC,ARISTA NETWORKS INC,20748,1,INDIAN/SOUTH ASIAN,NA,Jayshree Ullal,Jayshree,Ullal,NA,CEO,President/CEO,Executive Director,Yes,6/6/14,12/1/23,,,30,2073894,765053
36,36,90,ANSS,ANSYS INC,ANSYS INC,63080,1,INDIAN/SOUTH ASIAN,NA,Doctor Ajei Gopal,Ajei,Gopal,NA,CEO,President/CEO,Executive Director,Yes,1/1/17,,,,31,2257,545851
37,37,300,AOS,SMITH (A.O.),SMITH (AO) CORP,9771,0,CAUCASIAN/WHITE,NA,Kevin Wheeler,Kevin,Wheeler,NA,CEO,President/CEO,Executive Director,No,9/1/18,5/1/20,,,32,28304,1302544
38,38,146,APA,APA CORP,APA CORP (Apache Corp prior to 03/2021),1678,0,CAUCASIAN/WHITE,NA,John Christmann IV,John,Christmann IV,NA,CEO,President/CEO,Executive Director,Yes,1/20/15,1/1/24,,,33,2307,535064
39,39,124,APD,AIR PRODUCTS & CHEMICALS INC,AIR PRODUCTS & CHEMICALS INC,1209,1,MIDDLE-EASTERN/NORTH AFRICAN,NA,Seifi Ghasemi,Seifi,Ghasemi,NA,CEO,Chairman/President/CEO,Executive Director,Yes,7/1/14,,,,34,1173,24391
40,40,189,APH,AMPHENOL CORP,AMPHENOL CORP,14282,0,CAUCASIAN/WHITE,NA,Richard Norwitt,Richard,Norwitt,NA,CEO,President/CEO,Executive Director,Yes,1/5/09,,,,35,2100,496788
41,41,326,ARE,ALEXANDRIA R E EQUITIES INC,,64821,0,CAUCASIAN/WHITE,Peter Moglia,Jean-Louis Servranckx,Peter,Moglia,0,CEO,Co-CEO/CIO,Executive Director,Yes,4/1/18,,,,36,72259,1206037
41,41,326,ARE,ALEXANDRIA R E EQUITIES INC,,64821,0,CAUCASIAN/WHITE,Stephen Richardson,Jean-Louis Servranckx,Stephen,Richardson,0,CEO,Co-CEO,Executive Director,Yes,4/1/18,7/1/22,,,36,72259,1206037
42,42,263,ATO,ATMOS ENERGY CORP,ATMOS ENERGY CORP,4383,0,CAUCASIAN/WHITE,NA,John Akers,John,Akers,NA,CEO,President/CEO,Executive Director,Yes,10/1/19,,,,37,2963,806085
43,43,327,ATVI,ACTIVISION BLIZZARD INC,ACTIVISION BLIZZARD INC (De-listed 10/2023),180405,0,CAUCASIAN/WHITE,NA,Bobby Kotick,Bobby,Kotick,NA,CEO,CEO,Executive Director,Yes,6/26/17,10/13/23,,,38,725,69696
44,44,78,AVB,AVALONBAY COMMUNITIES INC,AVALONBAY COMMUNITIES INC,29875,0,CAUCASIAN/WHITE,NA,Tim Naughton,Tim,Naughton,NA,CEO,Chairman/President/CEO,Executive Director,Yes,5/22/13,2/1/21,,,39,3169,204883
45,45,351,AVGO,BROADCOM INC,BROADCOM INC (Broadcom Ltd prior to 04/2018),180711,1,ASIAN (EXCLUDE INDIAN/SOUTH ASIAN),NA,Hock Tan,Hock,Tan,NA,CEO,President/CEO,Executive Director,Yes,8/6/09,,,,40,817439,102722
46,46,328,AVY,AVERY DENNISON CORP,AVERY DENNISON CORP,1913,0,CAUCASIAN/WHITE,NA,Mitch Butier,Mitch,Butier,NA,CEO,Chairman/President/CEO,Executive Director,Yes,4/25/19,2/28/22,,,41,3210,530989
48,48,450,AXP,AMERICAN EXPRESS CO,AMERICAN EXPRESS CO,1447,0,CAUCASIAN/WHITE,NA,Steve Squeri,Steve,Squeri,NA,CEO,Chairman/CEO,Executive Director,Yes,2/1/18,,,,42,1815,455385
49,49,251,AZO,AUTOZONE INC,AUTOZONE INC,23809,0,CAUCASIAN/WHITE,NA,Bill Rhodes III,Bill,Rhodes III,NA,CEO,Chairman/President/CEO,Executive Director,Yes,6/6/07,1/2/24,,,43,3154,49966
51,51,28,BAC,BANK OF AMERICA CORP,BANK OF AMERICA CORP,7647,0,CAUCASIAN/WHITE,NA,Brian Moynihan,Brian,Moynihan,NA,CEO,Chair/President/CEO,Executive Director,Yes,10/1/14,,,,44,4504,35043
52,52,183,BALL,BALL CORP,BALL CORP,1988,0,CAUCASIAN/WHITE,NA,John Hayes,John,Hayes,NA,CEO,Chairman/President/CEO,Executive Director,Yes,4/24/13,1/1/21,,,45,3439,456592
53,53,221,BAX,BAXTER INTERNATIONAL INC,BAXTER INTERNATIONAL INC,2086,1,HISPANIC/LATIN AMERICAN,NA,Joe Almeida,Joe,Almeida,NA,CEO,Chairman/President/CEO,Executive Director,Yes,1/1/16,,,,46,3684,327852
54,54,260,BBWI,BATH & BODY WORKS INC,BATH & BODY WORKS INC (L Brands Inc prior to 08/2021),6733,0,CAUCASIAN/WHITE,NA,Leslie Wexner,Leslie,Wexner,NA,CEO,Chairman/CEO,Executive Director,No,1/1/02,5/14/20,,,49,18892,53436
55,55,305,BBY,BEST BUY CO INC,BEST BUY CO INC,2184,0,CAUCASIAN/WHITE,NA,Corie Barry,Corie,Barry,NA,CEO,CEO,Executive Director,Yes,6/11/19,,,,50,4118,1713009
58,58,194,BF.B,BROWN FORMAN CORP,BROWN FORMAN CORP,2435,0,CAUCASIAN/WHITE,NA,Lawson Whiting,Lawson,Whiting,NA,CEO,President/CEO,Executive Director,Yes,3/28/19,,,,51,5210,1113025
59,59,490,BG,BUNGE LTD,BUNGE GLOBAL SA (Bunge Ltd prior to 11/2023),144435,0,CAUCASIAN/WHITE,NA,Greg Heckman,Greg,Heckman,NA,CEO,CEO,Executive Director,Yes,4/25/19,,,,52,5320,500231
60,60,314,BIIB,BIOGEN INC,BIOGEN INC (Biogen Idec Inc prior to 03/2015),24468,0,CAUCASIAN/WHITE,NA,Michel Vounatsos,Michel,Vounatsos,NA,CEO,CEO,Executive Director,Yes,1/6/17,11/14/22,,,53,440155,1694109
61,61,338,BIO,BIO-RAD LABORATORIES INC,BIO RAD LABORATORIES INC,2220,0,CAUCASIAN/WHITE,NA,Norman Schwartz,Norman,Schwartz,NA,CEO,Chairman/President/CEO,Executive Director,Yes,1/1/12,,,,54,4311,181631
62,62,451,BK,BANK OF NEW YORK MELLON CORP,CANADIAN BANC CORP,2019,0,CAUCASIAN/WHITE,Thomas P. Gibbons,Steve Finch,Thomas,Gibbons,0,CEO,CEO,Executive Director,Yes,3/1/20,8/1/22,,,55,1987552,735008
63,63,234,BKNG,BOOKING HOLDINGS INC,BOOKING HOLDINGS INC (Priceline Group Inc (The) prior to 02/2018),119314,0,CAUCASIAN/WHITE,NA,Glenn Fogel,Glenn,Fogel,NA,CEO,President/CEO/Division CEO,Executive Director,Yes,6/26/19,,,,56,25022,549248
64,64,147,BKR,BAKER HUGHES CO,BAKER HUGHES CO (Baker Hughes a GE Co prior to 10/2019),32106,0,CAUCASIAN/WHITE,NA,Lorenzo Simonelli,Lorenzo,Simonelli,NA,CEO,Chairman/President/CEO,Executive Director,Yes,10/2/17,,,,57,3415,641184
65,65,452,BLK,BLACKROCK INC,BLACKROCK INC,124434,0,CAUCASIAN/WHITE,NA,Larry Fink,Larry,Fink,NA,CEO,Chairman/CEO,Executive Director,Yes,1/1/98,,,,58,4584,140463
66,66,453,BMY,BRISTOL-MYERS SQUIBB CO,BRISTOL-MYERS SQUIBB CO,2403,0,CAUCASIAN/WHITE,NA,Doctor Giovanni Caforio,Giovanni,Caforio,NA,CEO,Chairman/CEO,Executive Director,Yes,5/2/17,11/1/23,,,59,5118,857412
68,68,141,BRK.B,BERKSHIRE HATHAWAY,BERKSHIRE HATHAWAY INC,2176,0,CAUCASIAN/WHITE,NA,Warren Buffett,Warren,Buffett,NA,CEO,Chairman/CEO,Executive Director,No,1/1/70,,,,60,4080,32543
69,69,315,BSX,BOSTON SCIENTIFIC CORP,BOSTON SCIENTIFIC CORP,25279,0,CAUCASIAN/WHITE,NA,Mike Mahoney,Mike,Mahoney,NA,CEO,Chairman/President/CEO,Executive Director,Yes,5/3/16,,,,61,4865,879252
70,70,171,BWA,BORGWARNER INC,BORGWARNER INC,28742,0,CAUCASIAN/WHITE,NA,Frederic Lissalde,Frederic,Lissalde,NA,CEO,President/CEO,Executive Director,Yes,8/1/18,,,,62,4839,1195691
71,71,432,BXP,BOSTON PROPERTIES INC,BOSTON PROPERTIES INC,64925,0,CAUCASIAN/WHITE,NA,Owen Thomas,Owen,Thomas,NA,CEO,CEO,Executive Director,Yes,4/2/13,5/19/22,,,63,4863,491901
72,72,454,C,CITIGROUP INC,CITIGROUP INC,3243,0,CAUCASIAN/WHITE,NA,Mike Corbat,Mike,Corbat,NA,CEO,CEO,Executive Director,Yes,10/15/12,2/26/21,,,64,6930,604908
73,73,379,CAG,CONAGRA BRANDS INC,CONAGRA BRANDS INC (Conagra Foods Inc prior to 11/2016),3362,0,CAUCASIAN/WHITE,NA,Sean Connolly,Sean,Connolly,NA,CEO,President/CEO,Executive Director,Yes,4/6/15,,,,65,7619,837621
74,74,261,CAH,CARDINAL HEALTH INC,CARDINAL HEALTH INC,2751,0,CAUCASIAN/WHITE,NA,Mike Kaufmann,Mike,Kaufmann,NA,CEO,CEO,Executive Director,Yes,9/1/19,9/1/22,,,66,5811,517277
76,76,222,CAT,CATERPILLAR INC,CATERPILLAR INC,2817,0,CAUCASIAN/WHITE,NA,Jim Umpleby III,Jim,Umpleby III,NA,CEO,Chairman/CEO,Executive Director,Yes,12/12/18,,,,68,6052,1079119
77,77,380,CBOE,CBOE GLOBAL MARKETS INC,CBOE GLOBAL MARKETS INC (CBOE Holdings Inc prior to 10/2017),184500,0,CAUCASIAN/WHITE,NA,Ed Tilly,Ed,Tilly,NA,CEO,Chairman/President/CEO,Executive Director,Yes,1/14/19,5/12/22,,,69,1647824,1058282
78,78,264,CBRE,CBRE GROUP INC,CBRE GROUP INC (CB Richard Ellis Group Inc prior to 10/2011),260774,0,CAUCASIAN/WHITE,NA,Bob Sulentic,Bob,Sulentic,NA,CEO,President/CEO,Executive Director,Yes,12/1/12,11/17/23,,,70,6083,272769
79,79,148,CCI,CROWN CASTLE INC,CROWN CASTLE INC (Crown Castle International Corp prior to 08/2022),113490,0,CAUCASIAN/WHITE,NA,Jay Brown,Jay,Brown,NA,CEO,President/CEO,Executive Director,Yes,6/1/16,1/16/24,,,71,8304,620002
80,80,127,CCL,CARNIVAL CORPORATION & PLC,CARNIVAL CORP,13498,1,BLACK/AFRICAN AMERICAN,NA,Arnold Donald,Arnold,Donald,NA,CEO,President/CEO,Executive Director,Yes,7/3/13,1/1/22,,,72,5867,35264
81,81,352,CDNS,CADENCE DESIGN SYSTEMS INC,CADENCE DESIGN SYSTEMS INC,13421,1,ASIAN (EXCLUDE INDIAN/SOUTH ASIAN),NA,Lip-Bu Tan,Lip-Bu,Tan,NA,CEO,CEO,Executive Director,Yes,11/16/17,12/15/21,,,75,5480,182411
82,82,223,CDW,CDW CORP,CDW CORP,28320,0,CAUCASIAN/WHITE,NA,Chris Leahy,Chris,Leahy,NA,CEO,President/CEO,Executive Director,Yes,1/1/19,1/5/23,,,76,1961452,452866
85,85,84,CERN,CERNER CORP,CERNER CORP (De-listed 06/2022),12850,0,PREFER NOT TO DISCLOSE,NA,D Shafer,D,Shafer,NA,CEO,Chairman/CEO,Executive Director,Yes,2/1/18,10/1/21,,,77,6375,1370253
86,86,224,CF,CF INDUSTRIES HOLDINGS INC,CF INDUSTRIES HLDGS INC,163946,0,CAUCASIAN/WHITE,NA,Tony Will,Tony,Will,NA,CEO,President/CEO,Executive Director,Yes,1/2/14,,,,78,665753,534187
87,87,212,CFG,CITIZENS FINANCIAL GROUP INC,CITIZENS FINANCIAL GROUP INC,21825,0,CAUCASIAN/WHITE,NA,Bruce van Saun,Bruce,van Saun,NA,CEO,Chairman/CEO,Executive Director,Yes,9/24/14,,,,79,2150201,35815
88,88,303,CHD,CHURCH & DWIGHT INC,CHURCH & DWIGHT CO INC,3026,0,CAUCASIAN/WHITE,NA,Matthew Farrell,Matthew,Farrell,NA,CEO,Chairman/President/CEO,Executive Director,Yes,5/2/19,,,,80,6779,336620
89,89,306,CHRW,C H ROBINSON WORLDWIDE INC,CH ROBINSON WORLDWIDE INC,65609,0,CAUCASIAN/WHITE,NA,Bob Biesterfeld Jr,Bob,Biesterfeld Jr,NA,CEO,President/CEO,Executive Director,Yes,5/9/19,12/31/22,,,81,6438,1656763
90,90,235,CHTR,CHARTER COMMUNICATIONS INC,CHARTER COMMUNICATIONS INC (Spectrum),126136,0,CAUCASIAN/WHITE,NA,Tom Rutledge,Tom,Rutledge,NA,CEO,Chairman/CEO,Executive Director,Yes,7/26/16,11/30/22,,,82,1661731,334487
91,91,242,CI,CIGNA CORP,THE CIGNA GROUP (Cigna Corp prior to 02/2023),2547,0,CAUCASIAN/WHITE,NA,David Cordani,David,Cordani,NA,CEO,President/CEO,Executive Director,Yes,12/25/09,1/1/22,,,83,6837,486024
92,92,89,CINF,CINCINNATI FINANCIAL CORP,CINCINNATI FINANCIAL CORP,14824,0,CAUCASIAN/WHITE,NA,Steve Johnston,Steve,Johnston,NA,CEO,President/CEO,Executive Director,No,5/2/11,5/2/20,,,84,6863,270963
93,93,455,CL,COLGATE-PALMOLIVE CO,CRESCO LABS INC,3170,0,CAUCASIAN/WHITE,Noel Wallace,Charles Bachtell,Noel,Wallace,0,CEO,Chairman/President/CEO,Executive Director,Yes,4/1/19,,,,86,2957858,1374341
94,94,425,CLX,CLOROX CO/DE,CLOROX COMPANY (THE),3121,0,CAUCASIAN/WHITE,NA,Benno Dorer,Benno,Dorer,NA,CEO,Chairman/CEO,Executive Director,Yes,8/15/16,9/14/20,,,87,7089,750963
96,96,437,CMCSA,COMCAST CORP,COMCAST CORP (AT&T Comcast Corp prior to 11/2002),3226,0,CAUCASIAN/WHITE,NA,Brian Roberts,Brian,Roberts,NA,CEO,Chairman/President/CEO,Executive Director,Yes,5/25/04,10/11/22,,,89,7387,35803
97,97,381,CME,CME GROUP INC,CME GROUP INC (Chicago Mercantile Exchange Holdings Inc prior to 07/2007),149070,0,CAUCASIAN/WHITE,NA,The Hon. Terry Duffy,Terry,Duffy,NA,CEO,Chairman/CEO,Executive Director,Yes,11/10/16,,,,90,268946,91452
98,98,131,CMG,CHIPOTLE MEXICAN GRILL INC,COMPUTER MODELLING GROUP LTD,165914,0,CAUCASIAN/WHITE,Brian Niccol,Ryan Schneider,Brian,Niccol,0,CEO,Chairman/CEO,Executive Director,Yes,3/1/18,,,,91,598752,1457763
99,99,86,CMI,CUMMINS INC,CUMMINS INC,3650,0,CAUCASIAN/WHITE,NA,Tom Linebarger,Tom,Linebarger,NA,CEO,Chairman/CEO,Executive Director,Yes,1/1/12,8/1/22,,,92,8426,203776
100,100,94,CMS,CMS ENERGY CORP,CMS ENERGY CORP,3439,0,CAUCASIAN/WHITE,NA,Patti Poppe,Patti,Poppe,NA,CEO,President/CEO,Executive Director,Yes,7/1/16,12/1/20,,,93,7147,1094129
101,101,491,CNC,CENTENE CORP,CENTENE CORP,145552,0,CAUCASIAN/WHITE,NA,Michael Neidorff,Michael,Neidorff,NA,CEO,Chairman/President/CEO,Executive Director,Yes,4/23/19,9/7/21,,,94,6261,201946
103,103,69,COF,CAPITAL ONE FINANCIAL CORP,CAPITAL ONE FINANCIAL CORP,30990,0,CAUCASIAN/WHITE,NA,Rich Fairbank,Rich,Fairbank,NA,CEO,Chairman/CEO,Executive Director,Yes,4/24/03,,,,95,5734,48786
104,104,339,COO,COOPER COS INC (THE),COOPER COMPANIES INC,3504,0,CAUCASIAN/WHITE,NA,Al White III,Al,White III,NA,CEO,President/CEO,Executive Director,Yes,5/1/18,,,,96,7836,517326
105,105,150,COP,CONOCOPHILLIPS,CONOCOPHILLIPS COMPANY,8549,0,CAUCASIAN/WHITE,NA,Ryan Lance,Ryan,Lance,NA,CEO,Chairman/CEO,Executive Director,Yes,5/1/12,,,,97,24355,486834
106,106,397,COST,COSTCO WHOLESALE CORP,COSTCO WHOLESALE CORP,29028,0,CAUCASIAN/WHITE,NA,W Jelinek,W,Jelinek,NA,CEO,President/CEO,Executive Director,Yes,1/1/12,2/2/22,,,98,8022,43701
107,107,282,CPB,CAMPBELL SOUP CO,CAMPBELL SOUP CO,2663,0,CAUCASIAN/WHITE,NA,Mark Clouse,Mark,Clouse,NA,CEO,President/CEO,Executive Director,Yes,1/22/19,,,,99,5620,1122227
108,108,267,CPRT,COPART INC,COPART INC,29901,0,CAUCASIAN/WHITE,NA,Jay Adair,Jay,Adair,NA,CEO,CEO,Executive Director,Yes,2/12/10,4/1/22,,,100,7852,183351
110,110,353,CSCO,CISCO SYSTEMS INC,CISCO SYSTEMS INC,20779,0,CAUCASIAN/WHITE,NA,Chuck Robbins,Chuck,Robbins,NA,CEO,Chair/CEO,Executive Director,Yes,12/11/17,,,,101,6908,536628
111,111,488,CSGP,COSTAR GROUP INC,COSTAR GROUP INC,112111,0,CAUCASIAN/WHITE,NA,Andy Florance,Andy,Florance,NA,CEO,President/CEO,Executive Director,Yes,1/1/95,,,,103,8021,201870
112,112,117,CSX,CSX CORP,CSX CORP,2574,0,CAUCASIAN/WHITE,NA,Jim Foote,Jim,Foote,NA,CEO,President/CEO,Executive Director,Yes,12/22/17,9/26/22,,,104,8383,331094
113,113,174,CTAS,CINTAS CORP,CINTAS CORP,3062,0,CAUCASIAN/WHITE,NA,Scott Farmer,Scott,Farmer,NA,CEO,Chairman/CEO,Executive Director,Yes,9/30/16,5/31/21,,,105,6877,38311
114,114,204,CTLT,CATALENT INC,CATALENT INC,20228,0,CAUCASIAN/WHITE,NA,John Chiminski,John,Chiminski,NA,CEO,Chairman/CEO,Executive Director,Yes,2/13/19,7/1/22,,,106,2129696,1047323
115,115,151,CTRA,COTERRA ENERGY INC,COTERRA ENERGY INC (Cabot Oil & Gas Corp prior to 10/2021),20548,0,CAUCASIAN/WHITE,NA,Dan Dinges,Dan,Dinges,NA,CEO,Chairman/President/CEO,Executive Director,Yes,5/2/02,10/1/21,,,108,5465,202913
116,116,182,CTSH,COGNIZANT TECH SOLUTIONS,COGNIZANT TECHNOLOGY SOLUTIONS CORP,111864,0,CAUCASIAN/WHITE,NA,Brian Humphries,Brian,Humphries,NA,CEO,CEO,Executive Director,Yes,4/1/19,1/12/23,,,109,7256,515842
117,117,246,CTVA,CORTEVA INC,CORTEVA INC,35168,0,CAUCASIAN/WHITE,NA,Jim Collins Jr,Jim,Collins Jr,NA,CEO,CEO,Executive Director,Yes,6/3/19,11/1/21,,,110,3039776,1010737
119,119,213,CVS,CVS HEALTH CORP,CVS HEALTH CORP (CVS Caremark Corp prior to 09/2014),7241,0,CAUCASIAN/WHITE,NA,Larry Merlo,Larry,Merlo,NA,CEO,President/CEO,Executive Director,Yes,3/1/11,2/1/21,,,113,8468,45626
120,120,340,CVX,CHEVRON CORP,CHEVRON CORP,2991,0,CAUCASIAN/WHITE,NA,Mike Wirth,Mike,Wirth,NA,CEO,Chairman/CEO,Executive Director,Yes,2/1/18,,,,114,6627,343163
121,121,80,D,DOMINION ENERGY INC,DOMINION ENERGY INC (Dominion Resources Inc (Virginia) prior to 05/2017),4029,0,CAUCASIAN/WHITE,NA,Tom Farrell II,Tom,Farrell II,NA,CEO,Chairman/President/CEO,Executive Director,Yes,4/27/07,10/1/20,,,118,9491,36934
122,122,49,DAL,DELTA AIR LINES INC,DELTA AIR LINES INC,3851,0,CAUCASIAN/WHITE,NA,Ed Bastian,Ed,Bastian,NA,CEO,CEO,Executive Director,Yes,5/2/16,,,,119,8946,333894
124,124,143,DE,DEERE & CO,DEERE & CO,3835,0,CAUCASIAN/WHITE,NA,John May,John,May,NA,CEO,President/CEO,Executive Director,No,11/4/19,5/1/20,,,122,8886,1070838
125,125,225,DFS,DISCOVER FINANCIAL SVCS,DISCOVER FINANCIAL SERVICES INC,177376,0,CAUCASIAN/WHITE,NA,Roger Hochschild,Roger,Hochschild,NA,CEO,President/CEO,Executive Director,Yes,10/1/18,8/14/23,,,124,78171,33852
126,126,255,DG,DOLLAR GENERAL CORP,DOLLAR GENERAL CORP,4016,0,CAUCASIAN/WHITE,NA,Todd Vasos,Todd,Vasos,NA,CEO,CEO,Executive Director,Yes,6/3/15,11/1/22,,,125,1605214,487710
127,127,342,DGX,QUEST DIAGNOSTICS INC,QUEST DIAGNOSTICS INC,64166,0,CAUCASIAN/WHITE,NA,Steve Rusckowski,Steve,Rusckowski,NA,CEO,Chairman/President/CEO,Executive Director,Yes,1/1/17,11/1/22,,,126,25578,37246
129,129,489,DHR,DANAHER CORP,DANAHER CORP,3735,0,CAUCASIAN/WHITE,NA,Tom Joyce Jr,Tom,Joyce Jr,NA,CEO,President/CEO,Executive Director,Yes,9/9/14,9/1/20,,,128,8663,490718
132,132,335,DLR,DIGITAL REALTY TRUST INC,DIGITAL REALTY TRUST INC,160991,0,CAUCASIAN/WHITE,NA,Bill Stein,Bill,Stein,NA,CEO,CEO,Executive Director,Yes,5/1/15,12/13/22,,,129,641924,374955
133,133,43,DLTR,DOLLAR TREE INC,DOLLAR TREE INC,31587,0,CAUCASIAN/WHITE,NA,Gary Philbin,Gary,Philbin,NA,CEO,CEO,Executive Director,Yes,12/9/19,7/20/20,,,130,9474,452406
134,134,185,DOV,DOVER CORP,DOVER CORP,4058,0,CAUCASIAN/WHITE,NA,Rich Tobin,Rich,Tobin,NA,CEO,President/CEO,Executive Director,Yes,5/1/18,2/10/24,,,132,9555,480780
136,136,341,DPZ,DOMINO'S PIZZA INC,DOMINO'S PIZZA INC,160211,0,CAUCASIAN/WHITE,NA,Ritch Allison Jr,Ritch,Allison Jr,NA,CEO,CEO,Executive Director,Yes,7/1/18,4/26/22,,,133,90132,1110512
137,137,247,DRE,DUKE REALTY CORP,DUKE REALTY CORP (De-listed 10/2022),13510,0,CAUCASIAN/WHITE,NA,Jim Connor,Jim,Connor,NA,CEO,Chairman/CEO,Executive Director,Yes,4/26/17,10/3/22,,,134,9730,333005
138,138,218,DRI,DARDEN RESTAURANTS INC,DARDEN RESTAURANTS INC,31846,0,CAUCASIAN/WHITE,NA,Gene Lee Jr,Gene,Lee Jr,NA,CEO,President/CEO,Executive Director,Yes,2/22/15,1/4/21,,,135,8697,200799
139,139,296,DTE,DTE ENERGY CO,DTE ENERGY CO,3897,0,CAUCASIAN/WHITE,NA,Jerry Norcia,Jerry,Norcia,NA,CEO,President/CEO,Executive Director,Yes,7/1/19,5/5/22,,,137,9693,534436
140,140,29,DUK,DUKE ENERGY CORP,DUKE ENERGY CORP,4093,0,CAUCASIAN/WHITE,NA,Lynn Good,Lynn,Good,NA,CEO,Chairman/President/CEO,Executive Director,Yes,1/1/16,,,,138,867887,204347
141,141,420,DVA,DAVITA INC,DAVITA INC (DaVita HealthCare Partners Inc prior to 09/2016),61483,1,HISPANIC/LATIN AMERICAN,NA,Javier Rodriguez,Javier,Rodriguez,NA,CEO,CEO,Executive Director,Yes,6/1/19,,,,139,8783,655130
142,142,24,DVN,DEVON ENERGY CORP,DEVON ENERGY CORP,14934,0,CAUCASIAN/WHITE,NA,Dave Hager,Dave,Hager,NA,CEO,President/CEO,Executive Director,Yes,6/8/16,1/7/21,,,140,9103,62347
143,143,65,DXC,DXC TECHNOLOGY CO,DXC TECHNOLOGY CO (Computer Sciences Corp prior to 04/2017),3336,0,CAUCASIAN/WHITE,NA,Mike Salvino,Mike,Salvino,NA,CEO,President/CEO,Executive Director,Yes,9/12/19,7/26/22,,,141,7584,205612
144,144,205,DXCM,DEXCOM INC,DEXCOM INC,162887,0,CAUCASIAN/WHITE,NA,Kevin Sayer,Kevin,Sayer,NA,CEO,Chairman/President/CEO,Executive Director,Yes,7/30/18,,,,142,373917,346517
145,145,412,EA,ELECTRONIC ARTS INC,ELECTRONIC ARTS INC,16721,0,CAUCASIAN/WHITE,NA,Andrew Wilson,Andrew,Wilson,NA,CEO,CEO,Executive Director,Yes,9/17/13,8/12/21,,,145,10364,1207036
147,147,333,ECL,ECOLAB INC,ECOLAB INC,4213,0,CAUCASIAN/WHITE,NA,Doug Baker Jr,Doug,Baker Jr,NA,CEO,Chairman/CEO,Executive Director,Yes,12/2/11,1/1/21,,,147,10036,51882
148,148,456,ED,CONSOLIDATED EDISON INC,CONSOLIDATED EDISON INC,3413,0,CAUCASIAN/WHITE,NA,John McAvoy,John,McAvoy,NA,CEO,Chairman/President/CEO,Executive Director,Yes,5/12/14,12/29/20,,,148,7705,1074910
149,149,50,EFX,EQUIFAX INC,EQUIFAX INC,4423,0,CAUCASIAN/WHITE,NA,Mark Begor,Mark,Begor,NA,CEO,CEO,Executive Director,Yes,4/16/18,,,,150,10896,202312
150,150,330,EIX,EDISON INTERNATIONAL,EDISON INTERNATIONAL,9846,1,HISPANIC/LATIN AMERICAN,NA,Pedro Pizarro,Pedro,Pizarro,NA,CEO,President/CEO,Executive Director,Yes,9/30/16,,,,151,10130,791001
151,151,457,EL,ESTEE LAUDER COMPANIES INC,ESTEE LAUDER COS INC,61567,0,CAUCASIAN/WHITE,NA,Fabrizio Freda,Fabrizio,Freda,NA,CEO,President/CEO,Executive Director,Yes,7/1/09,,,,152,11074,590109
152,152,248,ELV,ELEVANCE HEALTH INC,ELEVANCE HEALTH INC (Anthem Inc prior to 06/2022),145046,0,CAUCASIAN/WHITE,NA,Gail Boudreaux,Gail,Boudreaux,NA,CEO,President/CEO,Executive Director,Yes,11/20/17,,,,154,2273,184069
153,153,26,EMN,EASTMAN CHEMICAL CO,EASTMAN CHEMICAL CO,29392,0,CAUCASIAN/WHITE,NA,Mark Costa,Mark,Costa,NA,CEO,Chair/CEO,Executive Director,Yes,6/30/14,,,,155,9940,534777
154,154,492,EMR,EMERSON ELECTRIC CO,EMERSON ELECTRIC CO,4321,0,CAUCASIAN/WHITE,NA,David Farr,David,Farr,NA,CEO,Chairman/CEO,Executive Director,Yes,10/5/10,2/5/21,,,156,10535,35223
155,155,426,ENPH,ENPHASE ENERGY INC,ENPHASE ENERGY INC,187450,1,INDIAN/SOUTH ASIAN,NA,Badri Kothandaraman,Badri,Kothandaraman,NA,CEO,President/CEO,Executive Director,Yes,9/3/17,,,,157,1810090,1197971
156,156,152,EOG,EOG RESOURCES INC,EOG RESOURCES INC (Enron Oil & Gas Co prior to 09/1999),16478,0,CAUCASIAN/WHITE,NA,Bill Thomas,Bill,Thomas,NA,CEO,Chairman/CEO,Executive Director,Yes,1/1/14,9/30/21,,,159,10844,534761
157,157,121,EPAM,EPAM SYSTEMS INC,EPAM SYSTEMS INC,187697,0,CAUCASIAN/WHITE,NA,Arkadiy Dobkin,Arkadiy,Dobkin,NA,CEO,Chairman/President/CEO,Executive Director,Yes,2/8/12,,,,160,1796199,1059890
158,158,413,EQIX,EQUINIX INC,EQUINIX INC,138743,0,CAUCASIAN/WHITE,NA,Charles Meyers,Charles,Meyers,NA,CEO,President/CEO,Executive Director,Yes,9/12/18,,,,161,10899,1089745
159,159,382,EQR,EQUITY RESIDENTIAL,EQUITY RESIDENTIAL (Equity Residential Properties Trust prior to 10/2002),28733,0,CAUCASIAN/WHITE,NA,Mark Parrell,Mark,Parrell,NA,CEO,President/CEO,Executive Director,Yes,12/31/18,,,,162,10928,552575
160,160,173,ES,EVERSOURCE ENERGY,EVERSOURCE ENERGY (Northeast Utilities prior to 02/2015),7970,0,CAUCASIAN/WHITE,NA,Jim Judge,Jim,Judge,NA,CEO,Chairman/President/CEO,Executive Director,Yes,5/3/17,5/5/21,,,164,22660,206005
161,161,414,ESS,ESSEX PROPERTY TRUST,ESSEX PROPERTY TRUST INC (Essex Property Corp prior to 06/1994),30293,0,CAUCASIAN/WHITE,NA,Mike Schall,Mike,Schall,NA,CEO,President/CEO,Executive Director,Yes,1/1/11,3/31/23,,,165,11060,182075
162,162,440,ETR,ENTERGY CORP,ENTERGY CORP,7366,0,CAUCASIAN/WHITE,NA,Leo Denault,Leo,Denault,NA,CEO,Chairman/CEO,Executive Director,Yes,2/1/13,11/1/22,,,166,10750,204855
163,163,407,ETSY,ETSY INC,ETSY INC,23238,0,CAUCASIAN/WHITE,NA,Josh Silverman,Josh,Silverman,NA,CEO,President/CEO,Executive Director,Yes,5/3/17,,,,167,2236759,765386
164,164,106,EVRG,EVERGY INC,EVERGY INC,6338,0,CAUCASIAN/WHITE,NA,Terry Bassham,Terry,Bassham,NA,CEO,President/CEO,Executive Director,Yes,6/5/18,1/4/21,,,168,2824528,345671
165,165,132,EW,EDWARDS LIFESCIENCES CORP,EDWARDS LIFESCIENCES CORP,133366,0,CAUCASIAN/WHITE,NA,Mike Mussallem,Mike,Mussallem,NA,CEO,Chairman/CEO,Executive Director,Yes,3/31/00,5/11/23,,,169,10156,90062
166,166,383,EXC,EXELON CORP,EXELON CORP,8539,0,CAUCASIAN/WHITE,NA,Chris Crane,Chris,Crane,NA,CEO,President/CEO,Executive Director,Yes,3/12/12,10/17/22,,,172,11376,534954
167,167,398,EXPD,EXPEDITORS INTL WASH INC,EXPEDITORS INTERNATIONAL OF WASHINGTON INC,4494,0,CAUCASIAN/WHITE,NA,Jeff Musser,Jeff,Musser,NA,CEO,President/CEO,Executive Director,Yes,3/1/14,,,,174,11401,452655
169,169,47,EXR,EXTRA SPACE STORAGE INC,EXTRA SPACE STORAGE INC,160479,0,CAUCASIAN/WHITE,NA,Joe Margolis,Joe,Margolis,NA,CEO,CEO,Executive Director,Yes,5/18/17,,,,175,600874,375394
170,170,297,F,FORD MOTOR CO,FORD MOTOR CO,4839,0,CAUCASIAN/WHITE,NA,Jim Hackett,Jim,Hackett,NA,CEO,President/CEO,Executive Director,Yes,5/22/17,10/1/20,,,176,12262,34156
172,171,66,FANG,DIAMONDBACK ENERGY INC,DIAMONDBACK ENERGY INC,170750,0,CAUCASIAN/WHITE,NA,Travis Stice,Travis,Stice,NA,CEO,CEO,Executive Director,Yes,1/1/17,2/22/22,,,178,1895607,1277021
173,172,113,FAST,FASTENAL CO,FASTENAL CO,14225,0,CAUCASIAN/WHITE,NA,Dan Florness,Dan,Florness,NA,CEO,President/CEO,Executive Director,Yes,1/1/16,,,,179,11608,70422
175,174,37,FCX,FREEPORT-MCMORAN INC,FREEPORT-MCMORAN INC (Freeport-McMoRan Copper & Gold Inc prior to 07/2014),14590,0,CAUCASIAN/WHITE,NA,Richard Adkerson,Richard,Adkerson,NA,CEO,Vice Chairman/President/CEO,Executive Director,Yes,5/31/13,2/2/21,,,180,12493,206065
176,175,252,FDX,FEDEX CORP,FEDEX CORP,4598,0,CAUCASIAN/WHITE,NA,Fred Smith,Fred,Smith,NA,CEO,Chairman/CEO,Executive Director,Yes,2/1/17,5/31/22,,,181,11664,43076
177,176,140,FE,FIRSTENERGY CORP,FIRSTENERGY CORP,8099,0,CAUCASIAN/WHITE,NA,Chuck Jones Jr,Chuck,Jones Jr,NA,CEO,President/CEO,Executive Director,No,1/1/15,5/24/20,1,,182,11964,621318
178,177,140,FE,FIRSTENERGY CORP,FIRSTENERGY CORP,8099,0,CAUCASIAN/WHITE,NA,Steven E. Strah,Chuck,Jones Jr,NA,CEO,President/CEO,Executive Director,No,10/1/20,,1,,183,11964,621318
180,179,118,FIS,FIDELITY NATIONAL INFO SVCS,FIDELITY NATIONAL INFORMATION SERVICES INC (Certegy Inc prior to 02/2006),165993,0,CAUCASIAN/WHITE,NA,Gary Norcross,Gary,Norcross,NA,CEO,Chairman/President/CEO,Executive Director,Yes,5/30/18,3/9/21,,,184,6382,516521
182,181,175,FITB,FIFTH THIRD BANCORP,FIFTH THIRD BANCORP,4640,0,CAUCASIAN/WHITE,NA,Greg Carmichael,Greg,Carmichael,NA,CEO,Chairman/President/CEO,Executive Director,Yes,2/1/18,10/26/20,,,185,324,203638
183,182,139,FLIR,FLIR SYSTEMS INC,FLIR SYSTEMS INC (De-listed 05/2021),28477,0,CAUCASIAN/WHITE,NA,Jim Cannon,Jim,Cannon,NA,CEO,President/CEO,Executive Director,Yes,6/19/17,5/14/21,,,186,12112,1301933
184,183,268,FLS,FLOWSERVE CORP,FLOWSERVE CORP,4108,0,CAUCASIAN/WHITE,NA,Robert Rowe,Robert,Rowe,NA,CEO,President/CEO,Executive Director,Yes,4/1/17,,,,187,12153,1304182
185,184,51,FLT,FLEETCOR TECHNOLOGIES INC,FLEETCOR TECHNOLOGIES INC,184700,0,CAUCASIAN/WHITE,NA,Ron Clarke,Ron,Clarke,NA,CEO,Chairman/President/CEO,Executive Director,Yes,12/15/10,,,,188,1677118,1058760
186,185,438,FMC,FMC CORP,FMC CORP,4510,0,CAUCASIAN/WHITE,NA,Doctor Pierre Brondeau,Pierre,Brondeau,NA,CEO,Chairman/CEO,Executive Director,Yes,6/1/18,5/31/20,,,189,12164,51661
189,188,20,FRT,FEDERAL REALTY INVESTMENT TR,FEDERAL REALTY INVESTMENT TRUST,4605,0,CAUCASIAN/WHITE,NA,Don Wood,Don,Wood,NA,CEO,President/CEO,Executive Director,Yes,1/1/03,3/11/21,,,192,11649,332472
190,189,355,FTNT,FORTINET INC,FORTINET INC,183377,1,ASIAN (EXCLUDE INDIAN/SOUTH ASIAN),NA,Ken Xie,Ken,Xie,NA,CEO,Chairman/CEO,Executive Director,Yes,11/11/13,,,,193,1606380,1055310
191,190,192,FTV,FORTIVE CORP,FORTIVE CORP,26590,0,CAUCASIAN/WHITE,NA,Jim Lico,Jim,Lico,NA,CEO,President/CEO,Executive Director,Yes,7/2/16,,,,194,2482889,372492
192,191,70,GD,GENERAL DYNAMICS CORP,GENERAL DYNAMICS CORP,5046,0,CAUCASIAN/WHITE,NA,Phebe Novakovic,Phebe,Novakovic,NA,CEO,Chairman/CEO,Executive Director,Yes,1/1/13,,,,195,12984,45561
193,192,433,GE,GENERAL ELECTRIC CO,GENERAL ELECTRIC CO,5047,0,CAUCASIAN/WHITE,NA,Larry Culp Jr,Larry,Culp Jr,NA,CEO,Chairman/CEO,Executive Director,Yes,9/30/18,,,,196,12986,36907
195,194,415,GILD,GILEAD SCIENCES INC,GILEAD SCIENCES INC,24856,0,CAUCASIAN/WHITE,NA,Daniel O'Day,Daniel,O'Day,NA,CEO,Chairman/CEO,Executive Director,Yes,3/1/19,,,,198,13273,1015485
196,195,307,GIS,GENERAL MILLS INC,GENERAL MILLS INC,5071,0,CAUCASIAN/WHITE,NA,Jeff Harmening,Jeff,Harmening,NA,CEO,Chairman/CEO,Executive Director,Yes,1/1/18,,,,199,13034,988199
197,196,108,GL,GLOBE LIFE INC,GLOBE LIFE INC (Torchmark Corp prior to 08/2019),10614,0,CAUCASIAN/WHITE,NA,Gary Coleman,Gary,Coleman,NA,CEO,Co-Chairman/Co-CEO,Executive Director,Yes,4/24/14,12/31/22,,1,200,30937,58941
198,196,108,GL,GLOBE LIFE INC,GLOBE LIFE INC (Torchmark Corp prior to 08/2019),10614,0,CAUCASIAN/WHITE,NA,Larry Hutchison,Larry,Hutchison,NA,CEO,Co-Chairman/Co-CEO,Executive Director,Yes,4/24/14,12/31/22,,1,201,30937,58946
200,198,298,GM,GENERAL MOTORS CO,GENERAL MOTORS CO,5073,0,CAUCASIAN/WHITE,NA,Mary Barra,Mary,Barra,NA,CEO,Chair/CEO,Executive Director,Yes,1/4/16,,,,202,1673114,892349
201,199,356,GOOGL,ALPHABET INC,ALPHABET INC (Google Inc prior to 10/2015),160329,1,INDIAN/SOUTH ASIAN,NA,Sundar Pichai,Sundar,Pichai,NA,CEO,CEO,Executive Director,Yes,12/3/19,,,,204,116351,887679
202,200,13,GPC,GENUINE PARTS CO,GENUINE PARTS CO,5125,0,CAUCASIAN/WHITE,NA,Paul Donahue,Paul,Donahue,NA,CEO,Chairman/CEO,Executive Director,Yes,4/22/19,,,,205,13110,547628
203,201,52,GPN,GLOBAL PAYMENTS INC,GLOBAL PAYMENTS INC,141913,0,CAUCASIAN/WHITE,NA,Jeff Sloan,Jeff,Sloan,NA,CEO,CEO,Executive Director,Yes,6/30/14,6/1/23,,,206,13417,1076347
205,203,459,GS,GOLDMAN SACHS GROUP INC,GOLDMAN SACHS GROUP INC,114628,0,CAUCASIAN/WHITE,NA,David Solomon,David,Solomon,NA,CEO,Chairman/CEO,Executive Director,Yes,1/1/19,,,,207,13564,795984
206,204,227,GWW,GRAINGER (W W) INC,WW GRAINGER INC,5256,0,CAUCASIAN/WHITE,NA,DG Macpherson,DG,Macpherson,NA,CEO,Chairman/CEO,Executive Director,Yes,10/1/17,,,,208,13725,881638
207,205,153,HAL,HALLIBURTON CO,HALLIBURTON CO,5439,0,CAUCASIAN/WHITE,NA,Jeff Miller,Jeff,Miller,NA,CEO,Chairman/President/CEO,Executive Director,Yes,1/1/19,,,,209,14212,1269010
208,206,214,HAS,HASBRO INC,HASBRO INC,5518,0,CAUCASIAN/WHITE,NA,Brian Goldner,Brian,Goldner,NA,CEO,Chairman/CEO,Executive Director,Yes,2/6/17,10/12/21,,,210,14399,205487
209,207,262,HBAN,HUNTINGTON BANCSHARES,HUNTINGTON BANCSHARES INC,5786,0,CAUCASIAN/WHITE,NA,Steve Steinour,Steve,Steinour,NA,CEO,Chairman/President/CEO,Executive Director,Yes,1/14/09,,,,211,15235,200105
210,208,12,HBI,HANESBRANDS INC,HANESBRANDS INC,175319,0,CAUCASIAN/WHITE,NA,Gerald Evans Jr,Gerald,Evans Jr,NA,CEO,CEO,Executive Director,Yes,10/1/16,8/3/20,,,212,882407,514830
211,209,256,HCA,HCA HEALTHCARE INC,HCA HEALTHCARE INC (HCA Holdings Inc prior to 05/2017),22260,0,CAUCASIAN/WHITE,NA,Sam Hazen,Sam,Hazen,NA,CEO,CEO,Executive Director,Yes,1/1/19,,,,213,1692837,35175
212,210,14,HD,HOME DEPOT INC,HOME DEPOT INC,5680,0,CAUCASIAN/WHITE,NA,Craig Menear,Craig,Menear,NA,CEO,Chairman/President/CEO,Executive Director,Yes,2/2/15,10/5/20,,,214,14982,536170
213,211,460,HES,HESS CORP,HESS CORP (Amerada Hess prior to 05/2006),1380,0,CAUCASIAN/WHITE,NA,John Hess,John,Hess,NA,CEO,CEO,Executive Director,Yes,5/16/13,,,,215,1970,64947
214,212,243,HIG,HARTFORD FINANCIAL SERVICES,HARTFORD FINANCIAL SERVICES GROUP INC,61739,0,CAUCASIAN/WHITE,NA,Chris Swift,Chris,Swift,NA,CEO,Chairman/CEO,Executive Director,Yes,1/5/15,,,,216,14372,1073631
215,213,493,HII,HUNTINGTON INGALLS IND INC,HUNTINGTON INGALLS INDUSTRIES INC,186310,0,CAUCASIAN/WHITE,NA,Mike Petters,Mike,Petters,NA,CEO,President/CEO,Executive Director,Yes,3/31/11,3/1/22,,,217,1694757,487356
216,214,71,HLT,HILTON WORLDWIDE HOLDINGS,HILTON WORLDWIDE HOLDINGS INC,5643,0,CAUCASIAN/WHITE,NA,Chris Nassetta,Chris,Nassetta,NA,CEO,President/CEO,Executive Director,Yes,12/12/13,,,,218,2022926,180239
217,215,316,HOLX,HOLOGIC INC,HOLOGIC INC,20904,0,CAUCASIAN/WHITE,NA,Steve MacMillan,Steve,MacMillan,NA,CEO,Chairman/President/CEO,Executive Director,Yes,6/16/15,,,,220,14967,41481
218,216,30,HON,HONEYWELL INTERNATIONAL INC,HONEYWELL INTERNATIONAL INC (AlliedSignal Inc prior to 01/2000),1300,0,CAUCASIAN/WHITE,NA,Darius Adamczyk,Darius,Adamczyk,NA,CEO,Chairman/CEO,Executive Director,Yes,4/23/18,6/1/23,,,221,15029,1205682
219,217,154,HPE,HEWLETT PACKARD ENTERPRISE,HEWLETT PACKARD ENTERPRISE CO,26156,1,HISPANIC/LATIN AMERICAN,NA,Antonio Neri,Antonio,Neri,NA,CEO,President/CEO,Executive Director,Yes,2/1/18,,,,222,2358912,1192124
220,218,357,HPQ,HP INC,HP INC (Hewlett-Packard Co prior to 11/2015),5606,1,HISPANIC/LATIN AMERICAN,NA,Enrique Lores,Enrique,Lores,NA,CEO,President/CEO,Executive Director,Yes,11/1/19,,,,223,14722,607415
221,219,217,HRL,HORMEL FOODS CORP,HORMEL FOODS CORP,5709,0,CAUCASIAN/WHITE,NA,Jim Snee,Jim,Snee,NA,CEO,Chairman/President/CEO,Executive Director,Yes,11/20/17,,,,224,15070,806078
222,220,112,HSIC,HENRY SCHEIN INC,HENRY SCHEIN INC,61494,0,CAUCASIAN/WHITE,NA,Stan Bergman,Stan,Bergman,NA,CEO,Chairman/CEO,Executive Director,Yes,5/18/05,,,,225,14669,85377
223,221,21,HST,HOST HOTELS & RESORTS INC,HOST HOTELS & RESORTS INC,7063,0,CAUCASIAN/WHITE,NA,Jim Risoleo,Jim,Risoleo,NA,CEO,President/CEO,Executive Director,Yes,1/1/17,,,,226,15093,205949
224,222,134,HSY,HERSHEY CO,HERSHEY CO (THE),5597,0,CAUCASIAN/WHITE,NA,Michele Buck,Michele,Buck,NA,CEO,Chairman/President/CEO,Executive Director,Yes,10/11/19,,,,227,14714,485170
225,223,195,HUM,HUMANA INC,HUMANA INC,27914,0,CAUCASIAN/WHITE,NA,Bruce Broussard,Bruce,Broussard,NA,CEO,President/CEO,Executive Director,Yes,1/1/13,1/8/24,,,229,15207,272234
228,226,53,ICE,INTERCONTINENTAL EXCHANGE,INTERCONTINENTAL EXCHANGE INC (IntercontinentalExchange Group Inc prior to 05/2014),163610,0,CAUCASIAN/WHITE,NA,Jeff Sprecher,Jeff,Sprecher,NA,CEO,Chairman/CEO,Executive Director,Yes,11/1/02,,,,231,815224,489174
229,227,280,IDXX,IDEXX LABS INC,IDEXX LABORATORIES INC,24197,0,CAUCASIAN/WHITE,NA,Jonathan Mazelsky,Jonathan,Mazelsky,NA,CEO,President/CEO,Executive Director,Yes,10/23/19,,,,232,15486,1254756
231,229,461,IFF,INTL FLAVORS & FRAGRANCES,INTERNATIONAL FLAVORS & FRAGRANCES INC,6078,0,CAUCASIAN/WHITE,NA,Andreas Fibig,Andreas,Fibig,NA,CEO,Chairman/CEO,Executive Director,Yes,12/1/14,2/14/22,,,233,16530,548131
232,230,206,ILMN,ILLUMINA INC,ILLUMINA INC,138205,1,INDIAN/SOUTH ASIAN,NA,Francis DeSouza,Francis,DeSouza,NA,CEO,President/CEO,Executive Director,Yes,7/5/16,6/11/23,,,234,15581,647025
233,231,295,INCY,INCYTE CORP,INCYTE CORP (Incyte Genomics prior to 03/2003),29127,0,PREFER NOT TO DISCLOSE,NA,Herve Hoppenot,Herve,Hoppenot,NA,CEO,Chairman/President/CEO,Executive Director,Yes,5/22/15,6/5/23,,,236,15783,1249099
234,232,358,INTC,INTEL CORP,INTEL CORP,6008,0,CAUCASIAN/WHITE,NA,Bob Swan,Bob,Swan,NA,CEO,CEO,Executive Director,Yes,1/30/19,2/15/21,,,240,16239,48076
235,233,359,INTU,INTUIT INC,INTUIT INC,27928,1,MIDDLE-EASTERN/NORTH AFRICAN,NA,Sasan Goodarzi,Sasan,Goodarzi,NA,CEO,President/CEO,Executive Director,Yes,1/1/19,2/1/24,,,241,16626,556870
236,234,269,INVH,INVITATION HOMES INC,INVITATION HOMES INC,30004,0,CAUCASIAN/WHITE,NA,Dallas Tanner,Dallas,Tanner,NA,CEO,President/CEO,Executive Director,Yes,1/16/19,3/1/23,,,242,2607907,1862251
237,235,253,IP,INTL PAPER CO,INTERNATIONAL PAPER CO,6104,0,CAUCASIAN/WHITE,NA,Mark Sutton,Mark,Sutton,NA,CEO,Chairman/CEO,Executive Director,Yes,1/1/15,,,,243,16569,621903
238,236,462,IPG,INTERPUBLIC GROUP OF COS,INTERPUBLIC GROUP OF COMPANIES INC,6136,0,CAUCASIAN/WHITE,NA,Michael Roth,Michael,Roth,NA,CEO,Chairman/CEO,Executive Director,Yes,1/19/05,1/1/21,,,244,16427,48701
239,237,178,IPGP,IPG PHOTONICS CORP,IPG PHOTONICS CORP,175955,0,CAUCASIAN/WHITE,NA,Doctor Valentin Gapontsev,Valentin,Gapontsev,NA,CEO,Chairman/CEO,Executive Director,Yes,1/1/98,5/4/21,,,245,16949,552050
240,238,64,IQV,IQVIA HOLDINGS INC,IQVIA HOLDINGS INC (Quintiles IMS Holdings Inc prior to 11/2017),17928,0,CAUCASIAN/WHITE,NA,Ari Bousbib,Ari,Bousbib,NA,CEO,Chairman/President/CEO,Executive Director,Yes,10/3/16,,,,246,1951118,33049
241,239,31,IR,INGERSOLL RAND INC,INGERSOLL RAND INC (Gardner Denver Holdings Inc prior to 03/2020),30098,0,CAUCASIAN/WHITE,NA,Vicente Reynal,Vicente,Reynal,NA,CEO,President/CEO,Executive Director,Yes,5/12/17,11/9/21,,,247,2656398,1912562
242,240,434,IRM,IRON MOUNTAIN INC,IRON MOUNTAIN INC,62374,0,CAUCASIAN/WHITE,NA,Bill Meaney,Bill,Meaney,NA,CEO,President/CEO,Executive Director,Yes,1/7/13,,,,248,17012,1188382
243,241,360,ISRG,INTUITIVE SURGICAL INC,INTUITIVE SURGICAL INC,136725,0,CAUCASIAN/WHITE,NA,Doctor Gary Guthart,Gary,Guthart,NA,CEO,President/CEO,Executive Director,Yes,1/1/10,5/16/23,,,249,16627,324511
244,242,236,IT,GARTNER INC,GARTNER INC (Gartner Group Inc prior to 08/2001),12441,0,CAUCASIAN/WHITE,NA,Gene Hall,Gene,Hall,NA,CEO,CEO,Executive Director,Yes,8/3/04,,,,250,12862,35090
245,243,386,ITW,ILLINOIS TOOL WORKS,ILLINOIS TOOL WORKS INC (ITW),5878,0,CAUCASIAN/WHITE,NA,Ernest Santi,Ernest,Santi,NA,CEO,Chairman/CEO,Executive Director,Yes,5/8/15,1/1/24,,,251,15580,534201
246,244,54,IVZ,INVESCO LTD,INVESCO LTD (Invesco PLC prior to 12/2007),29804,0,CAUCASIAN/WHITE,NA,Marty Flanagan,Marty,Flanagan,NA,CEO,President/CEO,Executive Director,Yes,8/1/05,6/30/23,,,252,2129,36584
247,245,270,J,JACOBS ENGINEERING GROUP INC,JACOBS SOLUTIONS INC (Jacobs Engineering Group Inc prior to 08/2022),6216,0,CAUCASIAN/WHITE,NA,Steve Demetriou,Steve,Demetriou,NA,CEO,Chairman/CEO,Executive Director,Yes,7/28/16,1/24/23,,,253,17251,349932
248,246,4,JBHT,HUNT (JB) TRANSPRT SVCS INC,HUNT(J.B.)TRANSPORT SERVICES INC,5783,0,CAUCASIAN/WHITE,NA,John Roberts III,John,Roberts III,NA,CEO,President/CEO,Executive Director,Yes,1/1/11,8/1/22,,,254,15223,497950
249,247,63,JKHY,HENRY (JACK) & ASSOCIATES,JACK HENRY & ASSOCIATES INC,11811,0,CAUCASIAN/WHITE,NA,Dave Foss,Dave,Foss,NA,CEO,President/CEO,Executive Director,Yes,7/1/17,7/1/21,,,255,14668,836736
250,248,211,JNJ,JOHNSON & JOHNSON,JOHNSON & JOHNSON,6266,0,CAUCASIAN/WHITE,NA,Alex Gorsky,Alex,Gorsky,NA,CEO,Chairman/CEO,Executive Director,Yes,12/28/12,1/3/22,,,256,17478,747756
251,249,361,JNPR,JUNIPER NETWORKS INC,JUNIPER NETWORKS INC,121718,1,ASIAN (EXCLUDE INDIAN/SOUTH ASIAN),NA,Rami Rahim,Rami,Rahim,NA,CEO,CEO,Executive Director,Yes,11/10/14,,,,258,17580,1275216
252,250,463,JPM,JPMORGAN CHASE & CO,JPMORGAN CHASE & CO,2968,0,CAUCASIAN/WHITE,NA,Jamie Dimon,Jamie,Dimon,NA,CEO,Chairman/CEO,Executive Director,Yes,1/30/18,,,,259,17528,33908
253,251,97,K,KELLOGG CO,KELLANOVA CO (Kellogg Co prior to 10/2023),6375,0,CAUCASIAN/WHITE,NA,Steve Cahillane,Steve,Cahillane,NA,CEO,Chairman/President/CEO,Executive Director,Yes,3/16/18,,,,260,17777,455061
254,252,317,KDP,KEURIG DR PEPPER INC,KEURIG DR PEPPER INC (Dr Pepper Snapple Group Inc prior to 07/2018),28877,0,CAUCASIAN/WHITE,NA,Bob Gamgort Jr,Bob,Gamgort Jr,NA,CEO,Chairman/President/CEO,Executive Director,Yes,1/13/19,7/29/22,,,262,1057037,989294
255,253,283,KEY,KEYCORP,KEYCORP,9783,0,CAUCASIAN/WHITE,NA,Beth Mooney,Beth,Mooney,NA,CEO,Chairman/President/CEO,Executive Director,No,5/1/11,5/1/20,,,263,17862,50551
256,254,394,KEYS,KEYSIGHT TECHNOLOGIES INC,KEYSIGHT TECHNOLOGIES INC,20232,0,CAUCASIAN/WHITE,NA,Ron Nersesian,Ron,Nersesian,NA,CEO,Chairman/President/CEO,Executive Director,Yes,11/1/19,5/1/22,,,264,2163313,598783
258,256,138,KIM,KIMCO REALTY CORP,KIMCO REALTY CORP,24731,0,CAUCASIAN/WHITE,NA,Conor Flynn,Conor,Flynn,NA,CEO,CEO,Executive Director,Yes,2/27/17,,,,265,17915,888666
259,257,362,KLAC,KLA CORP,KLA CORP (KLA Tencor Corp prior to 07/2019),6304,0,CAUCASIAN/WHITE,NA,Rick Wallace,Rick,Wallace,NA,CEO,President/CEO,Executive Director,Yes,11/13/08,,,,267,17984,51071
261,259,155,KMI,KINDER MORGAN INC,KINDER MORGAN INC (Kinder Morgan Holdco LLC prior to 02/2011),6310,0,CAUCASIAN/WHITE,NA,Steve Kean,Steve,Kean,NA,CEO,CEO,Executive Director,Yes,4/18/18,8/1/23,,,268,1687673,480557
262,260,258,KMX,CARMAX INC,CARMAX INC,64410,0,CAUCASIAN/WHITE,NA,Bill Nash,Bill,Nash,NA,CEO,President/CEO,Executive Director,Yes,9/1/16,,,,269,107377,1011736
263,261,55,KO,COCA-COLA CO,COCA-COLA CO,3144,0,CAUCASIAN/WHITE,NA,James Quincey,James,Quincey,NA,CEO,Chairman/CEO,Executive Director,Yes,4/24/19,,,,270,7204,877797
264,262,176,KR,KROGER CO,KROGER CO,6502,0,CAUCASIAN/WHITE,NA,William McMullen,William,McMullen,NA,CEO,Chairman/CEO,Executive Director,Yes,1/1/15,,,,271,18195,35937
265,263,107,KSU,KANSAS CITY SOUTHERN,KANSAS CITY SOUTHERN (De-listed 12/2021),6335,0,CAUCASIAN/WHITE,NA,Pat Ottensmeyer,Pat,Ottensmeyer,NA,CEO,President/CEO,Executive Director,Yes,7/1/16,12/14/21,,,272,17690,489655
266,264,464,L,LOEWS CORP,LOEWS CORP,6781,0,CAUCASIAN/WHITE,NA,Jim Tisch,Jim,Tisch,NA,CEO,President/CEO,Executive Director,Yes,1/1/99,,,,274,19065,36800
267,265,72,LDOS,LEIDOS HOLDINGS INC,LEIDOS HOLDINGS INC (SAIC Inc prior to 09/2013),165123,0,CAUCASIAN/WHITE,NA,Roger Krone,Roger,Krone,NA,CEO,Chairman/CEO,Executive Director,Yes,3/20/15,5/3/23,,,275,660090,881227
269,267,128,LEN,LENNAR CORP,LENNAR CORP,6669,0,CAUCASIAN/WHITE,NA,Rick Beckwitt,Rick,Beckwitt,NA,CEO,CEO,Executive Director,Yes,4/11/18,11/2/20,,,276,18703,67887
270,268,6,LH,LABORATORY CP OF AMER HLDGS,LABORATORY CORP OF AMERICA HLDGS (LABCORP),14960,0,CAUCASIAN/WHITE,NA,Adam Schechter,Adam,Schechter,NA,CEO,President/CEO,Executive Director,No,11/1/19,5/13/20,,,277,18319,495421
271,269,95,LHX,L3HARRIS TECHNOLOGIES INC,L3HARRIS TECHNOLOGIES INC (Harris Corp prior to 07/2019),5492,0,CAUCASIAN/WHITE,NA,Bill Brown,Bill,Brown,NA,CEO,Chairman (Executive)/CEO,Executive Director,Yes,6/29/19,6/29/21,,,278,14355,484620
272,270,387,LKQ,LKQ CORP,LKQ CORPORATION INC,155394,0,CAUCASIAN/WHITE,NA,Nick Zarcone,Nick,Zarcone,NA,CEO,President/CEO,Executive Director,Yes,5/31/17,,,,279,463860,1523271
273,271,249,LLY,LILLY (ELI) & CO,ELI LILLY & CO,6730,0,CAUCASIAN/WHITE,NA,Dave Ricks,Dave,Ricks,NA,CEO,Chair/President/CEO,Executive Director,Yes,6/1/17,,,,280,18888,1068880
274,272,22,LMT,LOCKHEED MARTIN CORP,LOCKHEED MARTIN CORP,6774,0,CAUCASIAN/WHITE,NA,Marillyn Hewson,Marillyn,Hewson,NA,CEO,Chairman/President/CEO,Executive Director,Yes,1/1/14,6/15/20,,,281,19048,202548
275,273,187,LNC,LINCOLN NATIONAL CORP,LINCOLN NATIONAL CORP,6742,0,CAUCASIAN/WHITE,NA,Dennis Glass,Dennis,Glass,NA,CEO,President/CEO,Executive Director,Yes,7/6/07,5/27/22,,,282,18908,54612
276,274,406,LNT,ALLIANT ENERGY CORP,ALLIANT ENERGY CORP,11554,0,CAUCASIAN/WHITE,NA,John Larsen,John,Larsen,NA,CEO,Chair/President/CEO,Executive Director,Yes,7/1/19,2/27/23,,,283,1476,896820
277,275,3,LOW,LOWE'S COS INC,LOWE'S COS INC,6829,1,BLACK/AFRICAN AMERICAN,NA,Marvin Ellison,Marvin,Ellison,NA,CEO,President/CEO,Executive Director,Yes,7/2/18,6/1/21,,,285,19193,489833
278,276,427,LRCX,LAM RESEARCH CORP,LAM RESEARCH CORP,6565,0,CAUCASIAN/WHITE,NA,Tim Archer,Tim,Archer,NA,CEO,President/CEO,Executive Director,Yes,12/5/18,,,,286,18384,487342
279,277,88,LUMN,LUMEN TECHNOLOGIES INC,LUMEN TECHNOLOGIES INC (CenturyLink Inc prior to 09/2020),2884,0,CAUCASIAN/WHITE,NA,Jeff Storey,Jeff,Storey,NA,CEO,President/CEO,Executive Director,Yes,5/23/18,11/7/22,,,288,6353,730057
280,278,272,LUV,SOUTHWEST AIRLINES,SOUTHWEST AIRLINES CO,9882,0,CAUCASIAN/WHITE,NA,Gary Kelly,Gary,Kelly,NA,CEO,Chairman/CEO,Executive Director,Yes,1/10/17,2/1/22,,,289,28696,44881
281,279,135,LVS,LAS VEGAS SANDS CORP,LAS VEGAS SANDS CORP,161844,0,CAUCASIAN/WHITE,NA,Sheldon Adelson,Sheldon,Adelson,NA,CEO,Chairman/CEO/Treasurer,Executive Director,Yes,8/1/04,1/11/21,,,290,603630,373289
282,280,104,LW,LAMB WESTON HOLDINGS INC,LAMB WESTON HOLDINGS INC,28790,0,CAUCASIAN/WHITE,NA,Tom Werner,Tom,Werner,NA,CEO,President/CEO,Executive Director,Yes,11/9/16,,,,291,2558653,1595178
283,281,156,LYB,LYONDELLBASELL INDUSTRIES NV,LYONDELLBASELL INDUSTRIES NV,294524,1,INDIAN/SOUTH ASIAN,NA,Bob Patel,Bob,Patel,NA,CEO,CEO,Executive Director,Yes,6/1/18,12/31/21,,,293,1667126,1092110
284,282,331,LYV,LIVE NATION ENTERTAINMENT,LIVE NATION ENTERTAINMENT INC (Live Nation Inc prior to 01/2010),165746,0,CAUCASIAN/WHITE,NA,Michael Rapino,Michael,Rapino,NA,CEO,President/CEO,Executive Director,Yes,1/1/18,,,,294,814633,551171
286,284,254,MAA,MID-AMERICA APT CMNTYS INC,MID-AMERICA APARTMENT COMMUNITIES INC,29649,0,CAUCASIAN/WHITE,NA,H Bolton Jr,H,Bolton Jr,NA,CEO,Chairman/President/CEO,Executive Director,Yes,10/1/02,,,,295,20625,341827
287,285,23,MAR,MARRIOTT INTL INC,MARRIOTT INTERNATIONAL INC,28930,0,CAUCASIAN/WHITE,NA,Arne Sorenson,Arne,Sorenson,NA,CEO,President/CEO,Executive Director,Yes,3/31/12,2/15/21,,,297,19706,38571
288,286,299,MAS,MASCO CORP,MASCO CORP,7085,0,CAUCASIAN/WHITE,NA,Keith Allman,Keith,Allman,NA,CEO,President/CEO,Executive Director,Yes,2/14/14,,,,298,19758,1135450
289,287,388,MCD,MCDONALD'S CORP,MCDONALD'S CORP,7154,0,CAUCASIAN/WHITE,NA,Chris Kempczinski,Chris,Kempczinski,NA,CEO,President/CEO,Executive Director,Yes,11/1/19,,,,299,19944,1381393
290,288,38,MCHP,MICROCHIP TECHNOLOGY INC,MICROCHIP TECHNOLOGY INC,27965,1,INDIAN/SOUTH ASIAN,NA,Steve Sanghi,Steve,Sanghi,NA,CEO,Chairman/CEO,Executive Director,Yes,2/3/16,3/1/21,,,300,20566,61502
291,289,273,MCK,MCKESSON CORP,MCKESSON CORP (McKesson HBOC Inc prior to 08/2001),7171,0,CAUCASIAN/WHITE,NA,Doctor Brian Tyler,Brian,Tyler,NA,CEO,CEO,Executive Director,Yes,4/1/19,,,,301,19966,509859
292,290,465,MCO,MOODY'S CORP,MOODYS CORP,139665,0,CAUCASIAN/WHITE,NA,Raymond McDaniel Jr,Raymond,McDaniel Jr,NA,CEO,President/CEO,Executive Director,Yes,4/19/12,12/31/20,,,302,21071,49681
293,291,389,MDLZ,MONDELEZ INTERNATIONAL INC,MONDELEZ INTERNATIONAL INC,142953,0,CAUCASIAN/WHITE,NA,Doctor Dirk van de Put,Dirk ,van de Put,NA,CEO,Chairman/CEO,Executive Director,Yes,4/1/18,,,,304,18164,640369
294,292,466,MET,METLIFE INC,METLIFE INC,133768,1,MIDDLE-EASTERN/NORTH AFRICAN,NA,Michel Khalaf,Michel,Khalaf,NA,CEO,President/CEO,Executive Director,Yes,5/1/19,,,,306,20426,1135745
295,293,416,META,META PLATFORMS INC,META PLATFORMS INC (Facebook Inc prior to 11/2021),170617,0,CAUCASIAN/WHITE,NA,Mark Zuckerberg,Mark,Zuckerberg,NA,CEO,Chairman/CEO,Executive Director,Yes,5/18/12,,,,308,1820060,646335
296,294,1,MHK,MOHAWK INDUSTRIES INC,MOHAWK INDUSTRIES INC,25119,0,CAUCASIAN/WHITE,NA,Jeff Lorberbaum,Jeff,Lorberbaum,NA,CEO,Chairman/CEO,Executive Director,Yes,11/4/09,,,,309,20964,64542
297,295,8,MKC,MCCORMICK & CO INC,MCCORMICK & CO INC,7146,0,CAUCASIAN/WHITE,NA,Lawrence Kurzius,Lawrence,Kurzius,NA,CEO,Chairman/President/CEO,Executive Director,Yes,1/31/17,6/1/22,,,311,19939,481697
298,296,467,MKTX,MARKETAXESS HOLDINGS INC,MARKETAXESS HOLDINGS INC,158742,0,CAUCASIAN/WHITE,NA,Rick McVey,Rick,McVey,NA,CEO,Chairman/CEO,Executive Director,Yes,9/13/06,4/3/23,,,312,551122,446101
299,297,18,MLM,MARTIN MARIETTA MATERIALS,MARTIN MARIETTA MATERIALS INC,29733,0,CAUCASIAN/WHITE,NA,Ward Nye,Ward,Nye,NA,CEO,Chairman/President/CEO,Executive Director,Yes,5/22/14,,,,313,19739,841525
300,298,468,MMC,MARSH & MCLENNAN COS,MARSH & MCLENNAN COMPANIES INC,7065,0,CAUCASIAN/WHITE,NA,Dan Glaser,Dan,Glaser,NA,CEO,President/CEO,Executive Director,Yes,1/1/13,12/31/22,,,314,19713,592845
301,299,334,MMM,3M CO,3M CO (Minnesota Mining & Manufacturing Co prior to 02/2002),7435,0,CAUCASIAN/WHITE,NA,Mike Roman,Mike,Roman,NA,CEO,Chairman/President/CEO,Executive Director,Yes,6/1/19,9/1/23,,,315,20777,1310783
302,300,123,MNST,MONSTER BEVERAGE CORP,MONSTER BEVERAGE CORP (Hansen Natural Corp prior to 12/2011),24316,0,CAUCASIAN/WHITE,NA,Rodney Sacks,Rodney,Sacks,NA,CEO,Chairman/CEO,Executive Director,Yes,7/1/96,1/13/21,,,316,14301,343707
304,302,122,MOS,MOSAIC CO,MOSAIC CO,162129,0,CAUCASIAN/WHITE,NA,Joc O'Rourke,Joc,O'Rourke,NA,CEO,President/CEO,Executive Director,Yes,8/5/15,8/29/23,,,317,550358,549793
305,303,81,MPC,MARATHON PETROLEUM CORP,MADISON PACIFIC PROPERTIES INC,186989,0,CAUCASIAN/WHITE,NA,Marvin Haasen,Marvin,Haasen,NA,CEO,President/CEO,Executive Director,Yes,11/1/12,7/17/23,,,318,1604377,2121957
306,304,288,MRK,MERCK & CO,MERCK & CO INC (Schering-Plough Corp prior to 11/2009),7257,1,BLACK/AFRICAN AMERICAN,NA,Ken Frazier,Ken,Frazier,NA,CEO,Chairman/President/CEO,Executive Director,Yes,12/1/11,4/1/21,,,319,27219,31551
307,305,318,MRNA,MODERNA INC,MODERNA INC,34410,0,CAUCASIAN/WHITE,NA,Stephane Bancel,Stephane,Bancel,NA,CEO,CEO,Executive Director,Yes,12/7/18,,,,320,2959246,507530
308,306,157,MRO,MARATHON OIL CORP,MARATHON OIL CORP (USX Marathon Group prior to 01/2002),7017,0,CAUCASIAN/WHITE,NA,Lee Tillman,Lee,Tillman,NA,CEO,Chairman/President/CEO,Executive Director,Yes,2/1/19,,,,321,32067,1314672
309,307,469,MS,MORGAN STANLEY,MORGAN STANLEY (Morgan Stanley Dean Witter & Co prior to 07/2002),12124,0,CAUCASIAN/WHITE,NA,James Gorman,James,Gorman,NA,CEO,Chairman/CEO,Executive Director,Yes,1/1/12,1/1/24,,,322,21105,34080
310,308,470,MSCI,MSCI INC,MSCI INC,178507,1,HISPANIC/LATIN AMERICAN,NA,Henry Fernandez,Henry,Fernandez,NA,CEO,Chairman/CEO,Executive Director,Yes,10/31/17,,,,323,1041062,598481
311,309,401,MSFT,MICROSOFT CORP,MICROSOFT CORP,12141,1,INDIAN/SOUTH ASIAN,NA,Satya Nadella,Satya,Nadella,NA,CEO,CEO,Executive Director,Yes,2/4/14,6/16/21,,,325,20601,499383
312,310,390,MSI,MOTOROLA SOLUTIONS INC,MOTOROLA SOLUTIONS INC,7585,0,CAUCASIAN/WHITE,NA,Greg Brown,Greg,Brown,NA,CEO,Chairman/CEO,Executive Director,Yes,5/3/11,,,,326,21174,42861
313,311,167,MTB,M & T BANK CORP,M&T BANK CORP,4699,0,CAUCASIAN/WHITE,NA,Rene Jones,Rene,Jones,NA,CEO,Chairman/CEO,Executive Director,Yes,12/20/17,,,,328,19327,484476
314,312,274,MTCH,MATCH GROUP INC,MATCH GROUP INC (IAC InterActiveCorp prior to 07/2020),26061,1,INDIAN/SOUTH ASIAN,NA,Joey Levin,Joey,Levin,NA,CEO,CEO,Executive Director,Yes,6/24/15,6/30/20,,,329,32019,641282
315,313,103,MTD,METTLER-TOLEDO INTL INC,METTLER TOLEDO INTERNATIONAL INC,65772,0,CAUCASIAN/WHITE,NA,Olivier Filliol,Olivier,Filliol,NA,CEO,President/CEO,Executive Director,Yes,1/1/09,3/31/21,,,330,20478,205031
316,314,105,MU,MICRON TECHNOLOGY INC,MICRON TECHNOLOGY INC,7343,1,INDIAN/SOUTH ASIAN,NA,Sanjay Mehrotra,Sanjay,Mehrotra,NA,CEO,President/CEO,Executive Director,Yes,5/8/17,,,,331,20589,205405
317,315,363,MXIM,MAXIM INTEGRATED PRODUCTS,MAXIM INTEGRATED PRODUCTS INC (De-listed 08/2021),14256,1,MIDDLE-EASTERN/NORTH AFRICAN,NA,Tunc Doluca,Tunc,Doluca,NA,CEO,President/CEO,Executive Director,Yes,1/1/07,8/26/21,,,333,19863,36387
318,316,129,NCLH,NORWEGIAN CRUISE LINE HLDGS,NORWEGIAN CRUISE LINE HOLDINGS LTD,104432,1,HISPANIC/LATIN AMERICAN,NA,Frank Del Rio,Frank,Del Rio,NA,CEO,President/CEO,Executive Director,Yes,8/4/15,6/30/23,,,334,1925428,1451131
319,317,471,NDAQ,NASDAQ INC,NASDAQ INC (NASDAQ OMX Group Inc prior to 09/2015),149337,0,CAUCASIAN/WHITE,NA,Adena Friedman,Adena,Friedman,NA,CEO,President/CEO,Executive Director,Yes,1/1/17,1/1/23,,,335,42640,483505
320,318,169,NEE,NEXTERA ENERGY INC,NEXTERA ENERGY INC (FPL Group Inc prior to 05/2010),4517,0,CAUCASIAN/WHITE,NA,Jim Robo,Jim,Robo,NA,CEO,Chairman/President/CEO,Executive Director,Yes,12/13/13,3/1/22,,,336,12407,39031
321,319,421,NEM,NEWMONT CORP,NEWMONT CORP (Newmont Goldcorp Corp prior to 01/2020),7881,0,CAUCASIAN/WHITE,NA,Tom Palmer,Tom,Palmer,NA,CEO,President/CEO,Executive Director,Yes,10/1/19,,,,337,22069,1378869
322,320,364,NFLX,NETFLIX INC,NETFLIX INC,147579,0,CAUCASIAN/WHITE,NA,Wilmot Hastings Jr,Wilmot,Hastings Jr,NA,CEO,Chairman/President/CEO,Executive Director,Yes,7/1/99,7/14/20,,,338,93427,182088
323,321,172,NI,NISOURCE INC,NISOURCE INC (NIPSCO Industries Inc prior to 04/1999),7974,0,CAUCASIAN/WHITE,NA,Joe Hamrock,Joe,Hamrock,NA,CEO,President/CEO,Executive Director,Yes,7/1/15,2/14/22,,,339,22260,594908
326,324,472,NLSN,NIELSEN HOLDINGS PLC,NIELSEN HOLDINGS PLC (Nielsen NV prior to 08/2015) (De-listed 10/2022),100873,0,CAUCASIAN/WHITE,NA,David Kenny,David,Kenny,NA,CEO,CEO/Chief Diversity Officer,Executive Director,Yes,1/1/19,3/23/21,,,340,1684303,140602
327,325,73,NOC,NORTHROP GRUMMAN CORP,NORTHROP GRUMMAN CORP,7985,0,CAUCASIAN/WHITE,NA,Kathy Warden,Kathy,Warden,NA,CEO,Chair/President/CEO,Executive Director,Yes,8/1/19,,,,342,22521,1255302
328,326,158,NOV,NOV INC,NOV INC (National Oilwell Varco Inc prior to 01/2021),63892,0,CAUCASIAN/WHITE,NA,Clay Williams,Clay,Williams,NA,CEO,Chairman/President/CEO,Executive Director,Yes,5/30/14,,,,343,21553,207048
329,327,365,NOW,SERVICENOW INC,SERVICENOW INC,171007,0,CAUCASIAN/WHITE,NA,Bill McDermott,Bill,McDermott,NA,CEO,President/CEO,Executive Director,Yes,11/18/19,10/25/22,,,344,1830138,206474
330,328,159,NRG,NRG ENERGY INC,NRG ENERGY INC,135990,1,HISPANIC/LATIN AMERICAN,NA,Mauricio Gutierrez,Mauricio,Gutierrez,NA,CEO,President/CEO,Executive Director,Yes,1/4/16,11/17/23,,,345,22626,598675
331,329,56,NSC,NORFOLK SOUTHERN CORP,NORFOLK SOUTHERN CORP,7923,0,CAUCASIAN/WHITE,NA,Jim Squires,Jim,Squires,NA,CEO,Chairman/President/CEO,Executive Director,Yes,10/1/15,12/1/21,,,346,22412,534106
332,330,366,NTAP,NETAPP INC,NETAPP INC (Network Appliance Inc prior to 03/2008),61591,1,INDIAN/SOUTH ASIAN,NA,George Kurian,George,Kurian,NA,CEO,President/CEO,Executive Director,Yes,5/20/16,7/1/20,,,349,21903,1448606
333,331,391,NTRS,NORTHERN TRUST CORP,NORTHERN TRUST CORP,7982,0,CAUCASIAN/WHITE,NA,Mike O'Grady,Mike,O'Grady,NA,CEO,Chairman/President/CEO,Executive Director,Yes,1/23/19,,,,351,22509,1122917
335,333,367,NVDA,NVIDIA CORP,NVIDIA CORP,117768,1,ASIAN (EXCLUDE INDIAN/SOUTH ASIAN),NA,Jensen Huang,Jensen,Huang,NA,CEO,President/CEO,Executive Director,Yes,4/1/93,,,,353,22806,83377
336,334,57,NWL,NEWELL BRANDS INC,NEWELL BRANDS INC (Newell Rubbermaid Inc prior to 04/2016),7875,1,INDIAN/SOUTH ASIAN,NA,Ravi Saligram,Ravi,Saligram,NA,CEO,President/CEO,Executive Director,Yes,10/2/19,5/5/22,,,354,22048,447647
337,335,473,NWSA,NEWS CORP,NEWS CORP,18043,0,CAUCASIAN/WHITE,NA,Robert Thomson,Robert,Thomson,NA,CEO,CEO,Executive Director,Yes,6/28/13,,,,356,1962516,1282519
338,336,207,O,REALTY INCOME CORP,REALTY INCOME CORP,30822,1,INDIAN/SOUTH ASIAN,NA,Sumit Roy,Sumit,Roy,NA,CEO,President/CEO,Executive Director,Yes,10/16/18,,,,358,25864,1128307
339,337,2,ODFL,OLD DOMINION FREIGHT,OLD DOMINION FREIGHT LINE INC,24617,0,CAUCASIAN/WHITE,NA,Greg Gantt,Greg,Gantt,NA,CEO,President/CEO,Executive Director,Yes,5/16/18,6/30/23,,,359,23040,896206
340,338,343,OGN,ORGANON & CO,OROGEN ROYALTIES INC (Evrim Resources Corp prior to 08/2020),38821,0,CAUCASIAN/WHITE,Kevin Ali,Paddy Nicol,Kevin,Ali,0,CEO,CEO,Executive Director,No,6/1/21,,,,360,1562505,2413290
341,339,9,OKE,ONEOK INC,ONEOK INC (WAI Inc prior to 11/1997),8151,0,CAUCASIAN/WHITE,NA,Terry Spencer,Terry,Spencer,NA,CEO,President/CEO,Executive Director,Yes,1/31/14,6/28/21,,,361,23165,620137
342,340,474,OMC,OMNICOM GROUP INC,OMNICOM GROUP INC,4066,0,CAUCASIAN/WHITE,NA,John Wren III,John,Wren III,NA,CEO,Chairman/CEO,Executive Director,Yes,5/22/18,,,,362,23113,35509
343,341,40,ON,ON SEMICONDUCTOR CORP,ON SEMICONDUCTOR CORP,134932,0,CAUCASIAN/WHITE,NA,Keith Jackson,Keith,Jackson,NA,CEO,President/CEO,Executive Director,Yes,11/19/02,12/7/20,,,363,23134,200418
344,342,336,ORCL,ORACLE CORP,ORACLE CORP,12142,0,CAUCASIAN/WHITE,NA,Safra Catz,Safra,Catz,NA,CEO,CEO,Executive Director,Yes,10/18/19,,,,366,23295,33503
347,345,160,OXY,OCCIDENTAL PETROLEUM CORP,OCCIDENTAL PETROLEUM CORP,8068,0,CAUCASIAN/WHITE,NA,Vicki Hollub,Vicki,Hollub,NA,CEO,President/CEO,Executive Director,Yes,4/29/16,,,,367,22899,1304382
348,346,475,PARA,PARAMOUNT GLOBAL,PARAMOUNT GLOBAL (Viacomcbs Inc prior to 02/2022),13714,0,CAUCASIAN/WHITE,NA,Bob Bakish,Bob,Bakish,NA,CEO,President/CEO,Executive Director,Yes,12/4/19,,,,368,6098,23537
349,347,25,PAYC,PAYCOM SOFTWARE INC,PAYCOM SOFTWARE INC,20116,0,CAUCASIAN/WHITE,NA,Chad Richison,Chad,Richison,NA,CEO,Chairman/President/CEO,Executive Director,Yes,8/1/16,2/7/24,,,369,2061294,1388163
350,348,193,PAYX,PAYCHEX INC,PAYCHEX INC,8402,0,CAUCASIAN/WHITE,NA,Martin Mucci,Martin,Mucci,NA,CEO,President/CEO,Executive Director,Yes,10/14/10,12/1/21,,,370,23945,39151
351,349,237,PBCT,PEOPLE'S UNITED FINL INC,PEOPLE'S UNITED FINANCIAL INC (De-listed 04/2022),16245,0,CAUCASIAN/WHITE,NA,Jack Barnes,Jack,Barnes,NA,CEO,Chairman/CEO,Executive Director,Yes,6/26/18,4/4/22,,,371,1013530,204547
352,350,402,PCAR,PACCAR INC,PACCAR INC,8253,0,CAUCASIAN/WHITE,NA,R Feight,R,Feight,NA,CEO,CEO,Executive Director,Yes,7/1/19,,,,372,23563,1526154
353,351,428,PCG,PG&E CORP,PG&E CORP,8264,0,White,NA,Bill Johnson,Bill,Johnson,NA,CEO,President/CEO,Executive Director,Yes,6/21/19,6/30/20,,,373,24303,47996
355,353,409,PEG,PUBLIC SERVICE ENTRP GRP INC,PUBLIC SERVICE ENTERPRISE GROUP INC,8810,0,CAUCASIAN/WHITE,NA,Doctor Ralph Izzo,Ralph ,Izzo,NA,CEO,Chairman/President/CEO,Executive Director,Yes,4/1/07,8/31/22,,,375,25378,204007
356,354,291,PEP,PEPSICO INC,PEPSICO INC,8479,1,HISPANIC/LATIN AMERICAN,NA,Ramon Laguarta,Ramon,Laguarta,NA,CEO,Chairman/President/CEO,Executive Director,Yes,2/1/19,,,,377,24151,1304732
358,356,68,PFG,PRINCIPAL FINANCIAL GRP INC,PRINCIPAL FINANCIAL GROUP INC,145701,0,CAUCASIAN/WHITE,NA,Dan Houston,Dan,Houston,NA,CEO,Chairman/President/CEO,Executive Director,Yes,5/17/16,,,,378,25087,333969
359,357,177,PG,PROCTER & GAMBLE CO,PROCTER & GAMBLE CO,8762,0,CAUCASIAN/WHITE,NA,David Taylor,David,Taylor,NA,CEO,Chairman/President/CEO,Executive Director,Yes,7/1/16,11/1/21,,,379,25150,549272
360,358,284,PGR,PROGRESSIVE CORP-OHIO,PROGRESSIVE CORP (OHIO),13341,0,CAUCASIAN/WHITE,NA,Tricia Griffith,Tricia,Griffith,NA,CEO,President/CEO,Executive Director,Yes,7/1/16,,,,380,25199,40291
361,359,285,PH,PARKER-HANNIFIN CORP,PARKER-HANNIFIN CORP,8358,0,CAUCASIAN/WHITE,NA,Tom Williams,Tom,Williams,NA,CEO,Chairman/CEO,Executive Director,Yes,1/1/16,1/1/23,,,382,23834,502142
362,360,58,PHM,PULTEGROUP INC,PULTEGROUP INC,8823,0,CAUCASIAN/WHITE,NA,Ryan Marshall,Ryan,Marshall,NA,CEO,President/CEO,Executive Director,Yes,9/8/16,,,,383,25407,1308442
363,361,228,PKG,PACKAGING CORP OF AMERICA,PACKAGING CORP OF AMERICA,128978,0,CAUCASIAN/WHITE,NA,Mark Kowlzan,Mark,Kowlzan,NA,CEO,Chairman/CEO,Executive Director,Yes,1/1/16,,,,384,23635,205273
364,362,319,PKI,PERKINELMER INC,PARKLAND CORP (Parkland Fuel Corp prior to 05/2020),4145,1,INDIAN/SOUTH ASIAN,Prahlad Singh,Bob Espey,Prahlad,Singh,0,CEO,President/CEO,Executive Director,Yes,12/1/19,,,,385,1719568,1248755
365,363,445,PLD,PROLOGIS INC,PROLOGIS INC (AMB Property Corp prior to 06/2011),29984,1,MIDDLE-EASTERN/NORTH AFRICAN,NA,Hamid Moghadam,Hamid,Moghadam,NA,CEO,Chairman/CEO,Executive Director,Yes,1/1/13,,,,386,1710,60091
366,364,477,PM,PHILIP MORRIS INTERNATIONAL,PHILIP MORRIS INTERNATIONAL INC,179621,0,CAUCASIAN/WHITE,NA,Andre Calantzopoulos,Andre,Calantzopoulos,NA,CEO,CEO,Executive Director,Yes,5/8/13,5/5/21,,,387,1060044,36791
367,365,201,PNC,PNC FINANCIAL SVCS GROUP INC,PNC FINANCIAL SERVICES GROUP INC,8245,0,CAUCASIAN/WHITE,NA,William Demchak,William,Demchak,NA,CEO,Chairman/President/CEO,Executive Director,Yes,4/22/14,2/20/24,,,388,24669,44576
368,366,41,PNW,PINNACLE WEST CAPITAL CORP,PINNACLE WEST CAPITAL CORP,1075,0,CAUCASIAN/WHITE,NA,Jeff Guldner,Jeff,Guldner,NA,CEO,Chairman/President/CEO,Executive Director,Yes,11/15/19,,,,391,24493,891832
369,367,320,PODD,INSULET CORP,INSULET CORPORATION,177227,0,CAUCASIAN/WHITE,NA,Shacey Petrovic,Shacey,Petrovic,NA,CEO,President/CEO,Executive Director,Yes,1/1/19,6/1/22,,,392,862492,1519215
370,368,79,POOL,POOL CORP,POOL CORP (SCP Pool prior to 05/2006),61420,0,CAUCASIAN/WHITE,NA,Pete Arvan,Pete,Arvan,NA,CEO,President/CEO,Executive Director,Yes,7/31/19,,,,393,27358,1351667
371,369,202,PPG,PPG INDUSTRIES INC,PPG INDUSTRIES INC,8247,0,CAUCASIAN/WHITE,NA,Michael McGarry,Michael,McGarry,NA,CEO,Chairman/CEO,Executive Director,Yes,9/1/16,1/1/23,,,394,24887,624113
372,370,125,PPL,PPL CORP,PPL CORP,8455,0,CAUCASIAN/WHITE,NA,Bill Spence,Bill,Spence,NA,CEO,Chairman/CEO,Executive Director,Yes,7/1/19,5/31/20,,,395,24890,333782
373,371,410,PRU,PRUDENTIAL FINANCIAL INC,PRUDENTIAL FINANCIAL INC,143356,0,CAUCASIAN/WHITE,NA,Charlie Lowrey Jr,Charlie,Lowrey Jr,NA,CEO,Chairman/President/CEO,Executive Director,Yes,4/5/19,,,,396,25332,885991
374,372,332,PSA,PUBLIC STORAGE,PUBLIC STORAGE (Public Storage Inc prior to 06/2007),10096,0,CAUCASIAN/WHITE,NA,Joe Russell Jr,Joe,Russell Jr,NA,CEO,President/CEO,Executive Director,Yes,1/1/19,,,,397,25380,270150
375,373,161,PSX,PHILLIPS 66,PHILLIPS 66,170841,0,CAUCASIAN/WHITE,NA,Greg Garland,Greg,Garland,NA,CEO,Chairman/CEO,Executive Director,Yes,6/1/14,7/1/22,,,399,1813482,1089975
376,374,478,PVH,PVH CORP,PVH CORP,8551,0,CAUCASIAN/WHITE,NA,Manny Chirico,Manny,Chirico,NA,CEO,Chairman/CEO,Executive Director,Yes,6/19/07,2/1/21,,,401,24356,207452
377,375,162,PWR,QUANTA SERVICES INC,QUANTA SERVICES INC,66446,0,CAUCASIAN/WHITE,NA,Duke Austin Jr,Duke,Austin Jr,NA,CEO,President/CEO/COO,Executive Director,Yes,3/14/16,1/26/22,,,403,25544,1048547
378,376,275,PXD,PIONEER NATURAL RESOURCES CO,PIONEER NATURAL RESOURCES CO,14359,0,CAUCASIAN/WHITE,NA,Scott Sheffield,Scott,Sheffield,NA,CEO,President/CEO,Executive Director,Yes,2/21/19,1/1/21,,,404,24506,66062
379,377,368,PYPL,PAYPAL HOLDINGS INC,PAYPAL HOLDINGS INC,24616,0,CAUCASIAN/WHITE,NA,Dan Schulman,Dan,Schulman,NA,CEO,President/CEO,Executive Director,Yes,7/17/15,9/27/23,,,405,2308850,54611
380,378,208,QCOM,QUALCOMM INC,QUALCOMM INC,24800,0,CAUCASIAN/WHITE,NA,Doctor Irwin Jacobs,Irwin ,Jacobs,NA,CEO,Chairman/CEO Emeritus,Executive Director,Yes,3/6/12,,,1,406,25529,34486
381,378,208,QCOM,QUALCOMM INC,QUALCOMM INC,24800,0,CAUCASIAN/WHITE,NA,Steve Mollenkopf,Steve,Mollenkopf,NA,CEO,CEO,Executive Director,Yes,3/4/14,6/30/21,,1,407,25529,640531
382,379,15,QRVO,QORVO INC,QORVO INC,64853,0,CAUCASIAN/WHITE,NA,Bob Bruggeworth,Bob,Bruggeworth,NA,CEO,President/CEO,Executive Director,Yes,1/2/15,,,,409,2204149,181113
383,380,130,RCL,ROYAL CARIBBEAN GROUP,ROYAL CARIBBEAN CRUISES LTD (ROYAL CARIBBEAN GROUP),28191,0,CAUCASIAN/WHITE,NA,Richard Fain,Richard,Fain,NA,CEO,Chairman/CEO,Executive Director,Yes,4/1/88,1/3/22,,,410,26625,13413
384,381,119,REG,REGENCY CENTERS CORP,REGULUS RESOURCES INC,29099,0,CAUCASIAN/WHITE,Lisa Palmer,John Black,Lisa,Palmer,0,CEO,President/CEO,Executive Director,Yes,1/1/20,,,,411,1792078,1061422
385,382,292,REGN,REGENERON PHARMACEUTICALS,REGENERON PHARMACEUTICALS INC,23812,0,CAUCASIAN/WHITE,NA,Doctor Len Schleifer,Len ,Schleifer,NA,CEO,President/CEO,Executive Director,Yes,1/1/94,6/9/23,,,412,25954,201093
386,383,144,RF,REGIONS FINANCIAL CORP,REGIONS FINANCIAL CORP,4674,0,CAUCASIAN/WHITE,NA,John Turner Jr,John,Turner Jr,NA,CEO,President/CEO,Executive Director,Yes,7/2/18,,,,413,550049,488345
387,384,417,RHI,ROBERT HALF INTL INC,ROBERT HALF INC (Robert Half International Inc prior to 07/2023),2312,0,CAUCASIAN/WHITE,NA,Michael Waddell,Michael,Waddell,NA,CEO,Vice Chairman/CEO/President,Executive Director,Yes,12/15/19,,,,415,26429,81587
388,385,19,RHT,RED HAT INC,RELIQ HEALTH TECHNOLOGIES INC (Moseda Technologies Inc prior to 05/2016),122841,0,CAUCASIAN/WHITE,Paul Cormier,Doctor Lisa Crossley,Paul,Comier,0,CEO,President/CEO,Executive Director,Yes,4/1/20,7/1/22,,,416,1243400,1664864
389,386,116,RJF,RAYMOND JAMES FINANCIAL INC,RAYMOND JAMES FINANCIAL INC,8898,0,CAUCASIAN/WHITE,NA,Paul Reilly,Paul,Reilly,NA,CEO,Chairman/CEO,Executive Director,Yes,2/16/17,,,,417,25808,275776
390,387,479,RL,RALPH LAUREN CORP,RALPH LAUREN CORP,64891,0,CAUCASIAN/WHITE,NA,Patrice Louvet,Patrice,Louvet,NA,CEO,President/CEO,Executive Director,Yes,7/3/17,,,,418,24726,884348
391,388,209,RMD,RESMED INC,RESMED INC,31887,1,OTHER,NA,Mick Farrell,Mick,Farrell,NA,CEO,CEO,Executive Director,Yes,3/1/13,1/25/23,,,419,26113,1089889
392,389,301,ROK,ROCKWELL AUTOMATION,ROCKWELL AUTOMATION INC,9203,0,CAUCASIAN/WHITE,NA,Blake Moret,Blake,Moret,NA,CEO,Chairman/President/CEO,Executive Director,Yes,1/1/18,,,,420,26468,1108705
393,390,59,ROL,ROLLINS INC,ROLLINS INC,9225,0,CAUCASIAN/WHITE,NA,Gary Rollins,Gary,Rollins,NA,CEO,Vice Chairman/CEO,Executive Director,Yes,1/22/13,8/25/20,,,421,26519,141669
394,391,99,ROP,ROPER TECHNOLOGIES INC,ROPER TECHNOLOGIES INC (Roper Industries Inc prior to 04/2015),24925,0,CAUCASIAN/WHITE,NA,Laurence Hunn,Laurence,Hunn,NA,CEO,President/CEO,Executive Director,Yes,9/19/18,,,,422,26544,796522
395,392,429,ROST,ROSS STORES INC,ROSS STORES INC,9248,0,CAUCASIAN/WHITE,NA,Barbara Rentler,Barbara,Rentler,NA,CEO,CEO,Executive Director,Yes,6/1/14,5/19/21,,,423,26560,487157
396,393,42,RSG,REPUBLIC SERVICES INC,REPUBLIC SERVICES INC,112168,0,CAUCASIAN/WHITE,NA,Don Slager,Don,Slager,NA,CEO,CEO,Executive Director,Yes,5/1/19,5/21/21,,,424,26097,205673
399,396,170,SBAC,SBA COMMUNICATIONS CORP,SBA COMMUNICATIONS CORP,121382,0,CAUCASIAN/WHITE,NA,Jeff Stoops,Jeff,Stoops,NA,CEO,President/CEO,Executive Director,Yes,1/1/02,12/31/23,,,427,27160,346056
400,397,403,SBUX,STARBUCKS CORP,STARBUCKS CORP,25434,0,CAUCASIAN/WHITE,NA,Kevin Johnson,Kevin,Johnson,NA,CEO,President/CEO,Executive Director,Yes,4/3/17,4/4/22,,,428,29093,31844
401,398,100,SCHW,SCHWAB (CHARLES) CORP,CHARLES SCHWAB CORP,13988,0,CAUCASIAN/WHITE,NA,Walt Bettinger II,Walt,Bettinger II,NA,CEO,President/CEO,Executive Director,Yes,10/1/08,10/15/21,,,429,27292,486476
402,399,33,SEE,SEALED AIR CORP,SEALED AIR CORP,9555,0,CAUCASIAN/WHITE,NA,Ted Doheny II,Ted,Doheny II,NA,CEO,President/CEO,Executive Director,Yes,1/1/18,10/23/23,,,432,27418,516421
403,400,286,SHW,SHERWIN-WILLIAMS CO,SHERWIN-WILLIAMS CO,9667,0,CAUCASIAN/WHITE,NA,John Morikis,John,Morikis,NA,CEO,Chairman/CEO,Executive Director,Yes,3/1/19,3/12/21,,,433,27786,60662
405,402,82,SJM,SMUCKER (JM) CO,J. M. SMUCKER CO (THE),9777,0,CAUCASIAN/WHITE,NA,Mark Smucker,Mark,Smucker,NA,CEO,President/CEO,Executive Director,Yes,5/1/16,8/17/22,,,434,28325,548682
406,403,163,SLB,SCHLUMBERGER LTD,SCHLUMBERGER LIMITED,9465,0,CAUCASIAN/WHITE,NA,Olivier Le Peuch,Olivier,Le Peuch,NA,CEO,CEO,Executive Director,Yes,8/1/19,,,,435,27242,484858
407,404,480,SLG,SL GREEN REALTY CORP,SL GREEN REALTY CORP,65290,0,CAUCASIAN/WHITE,NA,Marc Holliday,Marc,Holliday,NA,CEO,Chairman/CEO,Executive Director,Yes,1/1/19,12/31/23,,,436,28228,181802
408,405,110,SNA,SNAP-ON INC,SNAP-ON INC,9778,0,CAUCASIAN/WHITE,NA,Nick Pinchuk,Nick,Pinchuk,NA,CEO,Chairman/President/CEO,Executive Director,Yes,4/23/09,,,,437,28335,206568
409,406,370,SNPS,SYNOPSYS INC,SYNOPSYS INC,24975,0,CAUCASIAN/WHITE,NA,Doctor Aart De Geus,Aart ,De Geus,NA,CEO,Chairman/Co-CEO,Executive Director,Yes,5/21/12,4/30/22,,1,438,29816,64702
410,406,370,SNPS,SYNOPSYS INC,SYNOPSYS INC,24975,0,CAUCASIAN/WHITE,NA,Doctor Chi-Foon Chan,ChiFoon ,Chan,NA,CEO,President/Co-CEO,Executive Director,Yes,5/21/12,11/1/21,,1,439,29816,64712
411,407,60,SO,SOUTHERN CO,SOUTHERN CO,9850,0,CAUCASIAN/WHITE,NA,Tom Fanning,Tom,Fanning,NA,CEO,Chairman/President/CEO,Executive Director,Yes,12/1/10,3/31/23,,,440,28665,325858
412,408,250,SPG,SIMON PROPERTY GROUP INC,SIMON PROPERTY GROUP INC,29389,0,CAUCASIAN/WHITE,NA,David Simon,David,Simon,NA,CEO,Chairman/President/CEO,Executive Director,Yes,2/15/19,,,,441,28041,70877
413,409,481,SPGI,S&P GLOBAL INC,S&P GLOBAL INC (McGraw Hill Financial Inc prior to 04/2016),7163,0,CAUCASIAN/WHITE,NA,Doug Peterson,Doug,Peterson,NA,CEO,President/CEO,Executive Director,Yes,11/1/13,,,,442,19953,604942
416,412,111,STZ,CONSTELLATION BRANDS,CONSTELLATION BRANDS INC,2710,0,CAUCASIAN/WHITE,NA,Bill Newlands Jr,Bill,Newlands Jr,NA,CEO,President/CEO,Executive Director,Yes,3/1/19,,,,444,7753,1130665
417,413,245,SWK,STANLEY BLACK & DECKER INC,STANLEY BLACK & DECKER INC,10016,0,CAUCASIAN/WHITE,NA,Jim Loree,Jim,Loree,NA,CEO,President/CEO,Executive Director,Yes,8/1/16,2/23/21,,,446,29065,204774
418,414,133,SWKS,SKYWORKS SOLUTIONS INC,SKYWORKS SOLUTIONS INC (Alpha Industries prior to 6/2002),1327,0,CAUCASIAN/WHITE,NA,Liam Griffin,Liam,Griffin,NA,CEO,President/CEO,Executive Director,Yes,5/11/16,5/13/21,,,447,1573,327486
419,415,238,SYF,SYNCHRONY FINANCIAL,SYNCHRONY FINANCIAL,20686,0,CAUCASIAN/WHITE,NA,Margaret Keane,Margaret,Keane,NA,CEO,CEO,Executive Director,Yes,5/2/19,4/1/21,,,448,2129744,1111132
420,416,191,SYK,STRYKER CORP,STRYKER CORP,10115,1,INDIAN/SOUTH ASIAN,NA,Kevin Lobo,Kevin,Lobo,NA,CEO,Chair/CEO,Executive Director,Yes,8/1/18,10/1/21,,,449,29405,1117420
422,418,276,T,AT&T INC,AT&T INC (SBC Communications Inc prior to 11/2005),9899,0,CAUCASIAN/WHITE,NA,Randall Stephenson Jr,Randall,Stephenson Jr,NA,CEO,Chairman/CEO,Executive Director,Yes,10/1/19,7/1/20,,,450,27163,33072
423,419,184,TAP,MOLSON COORS BEVERAGE CO,MOLSON COORS BEVERAGE CO (Molson Coors Brewing Co prior to 01/2020),3505,0,CAUCASIAN/WHITE,NA,Gavin Hattersley,Gavin,Hattersley,NA,CEO,President/CEO,Executive Director,Yes,9/28/19,,,,451,7847,1202080
424,420,287,TDG,TRANSDIGM GROUP INC,TRANSDIGM GROUP INC,148349,0,CAUCASIAN/WHITE,NA,Doctor Kevin Stein,Kevin ,Stein,NA,CEO,President/CEO,Executive Director,Yes,4/26/18,,,,453,818089,895408
426,422,323,TER,TERADYNE INC,TERADYNE INC,10453,0,CAUCASIAN/WHITE,NA,Mark Jagiela,Mark,Jagiela,NA,CEO,President/CEO,Executive Director,Yes,2/1/14,7/1/22,,,454,30437,488571
427,423,34,TFC,TRUIST FINANCIAL CORP,TRUIST FINANCIAL CORP (BB&T Corp prior to 12/2019),11856,0,CAUCASIAN/WHITE,NA,Kelly King,Kelly,King,NA,CEO,Chairman/CEO,Executive Director,Yes,12/20/16,9/12/21,,,456,3718,39271
428,424,83,TFX,TELEFLEX INC,TELEFLEX INC,10407,0,CAUCASIAN/WHITE,NA,Liam Kelly,Liam,Kelly,NA,CEO,President/CEO,Executive Director,No,5/4/18,5/1/20,,,457,30265,1115309
429,425,308,TGT,TARGET CORP,TARGET CORP,3813,0,CAUCASIAN/WHITE,NA,Bill Andres,Bill,Andres,NA,CEO,Chairman/CEO,Executive Director,No,,,,,458,29978,34696
430,425,308,TGT,TARGET CORP,TARGET CORP,3813,0,CAUCASIAN/WHITE,NA,Brian Cornell,Brian,Cornell,NA,CEO,Chair/CEO,Executive Director,Yes,8/12/14,,,,459,29978,310363
431,426,324,TJX,TJX COS INC (THE),TJX COS INC,11672,0,CAUCASIAN/WHITE,NA,Ernie Herrman,Ernie,Herrman,NA,CEO,President/CEO,Executive Director,Yes,1/31/16,,,,460,30801,540575
434,429,482,TPR,TAPESTRY INC,TAPESTRY INC (Coach Inc prior to 10/2017),140541,0,CAUCASIAN/WHITE,NA,Jide Zeitlin,Jide,Zeitlin,NA,CEO,Chairman/CEO,Executive Director,Yes,9/4/19,7/20/20,,,461,7173,271683
437,432,45,TROW,PRICE (T. ROWE) GROUP,T ROWE PRICE GROUP INC,12138,0,CAUCASIAN/WHITE,NA,Bill Stromberg,Bill,Stromberg,NA,CEO,Chairman/President/CEO,Executive Director,Yes,4/25/19,2/11/21,,,462,25020,489855
438,433,483,TRV,TRAVELERS COS INC,THE TRAVELERS COMPANIES INC (St Paul Travelers Companies Inc prior to 02/2007),62689,0,CAUCASIAN/WHITE,NA,Alan Schnitzer,Alan,Schnitzer,NA,CEO,Chairman/CEO,Executive Director,Yes,8/1/17,,,,463,469152,533891
440,435,337,TSLA,TESLA INC,TESLA INC (Tesla Motors Inc prior to 02/2017),184996,0,CAUCASIAN/WHITE,NA,Elon Musk,Elon,Musk,NA,CEO,CEO,Executive Director,Yes,11/7/18,,,,464,1650150,1090701
441,436,7,TSN,TYSON FOODS INC -CL A,TYSON FOODS INC,10793,0,CAUCASIAN/WHITE,NA,Noel White,Noel,White,NA,CEO,CEO,Executive Director,Yes,12/20/19,10/3/20,,,465,31563,453851
442,437,484,TTWO,TAKE-TWO INTERACTIVE SFTWR,TAKE TWO INTERACTIVE SOFTWARE INC,64630,0,CAUCASIAN/WHITE,NA,Strauss Zelnick,Strauss,Zelnick,NA,CEO,Chairman (Executive)/CEO,Executive Director,Yes,1/1/11,,,,467,29924,333171
443,438,446,TWTR,TWITTER INC,TWITTER INC (De-listed 10/2022),18872,0,CAUCASIAN/WHITE,NA,Jack Dorsey,Jack,Dorsey,NA,CEO,CEO,Executive Director,Yes,9/30/15,11/29/21,,,468,2006706,1132809
445,440,277,TXN,TEXAS INSTRUMENTS INC,TEXAS INSTRUMENTS INC,10499,0,CAUCASIAN/WHITE,NA,Rich Templeton,Rich,Templeton,NA,CEO,Chairman/President/CEO,Executive Director,Yes,7/17/18,4/1/23,,,469,30509,13520
446,441,215,TXT,TEXTRON INC,TEXTRON INC,10519,0,CAUCASIAN/WHITE,NA,Scott Donnelly,Scott,Donnelly,NA,CEO,Chairman/President/CEO,Executive Director,Yes,9/1/10,,,,470,30529,32459
447,442,109,TYL,TYLER TECHNOLOGIES INC,TYLER TECHNOLOGIES INC,10789,0,CAUCASIAN/WHITE,NA,H Moore Jr,H,Moore Jr,NA,CEO,President/CEO,Executive Director,Yes,5/10/18,,,,471,31558,325238
449,444,392,UAL,UNITED AIRLINES HOLDINGS INC,UNITED AIRLINES HOLDINGS INC (United Continental Holdings Inc prior to 07/2019),10795,0,CAUCASIAN/WHITE,NA,Oscar Munoz,Oscar,Munoz,NA,CEO,CEO,Executive Director,No,8/29/16,5/20/20,,,472,31575,160071
450,445,101,UDR,UDR INC,UDR INC (United Dominion Realty Trust Inc prior to 03/2007),10894,0,CAUCASIAN/WHITE,NA,Tom Toomey,Tom,Toomey,NA,CEO,Chairman/CEO,Executive Director,Yes,1/1/19,,,,473,32094,181650
451,446,232,UHS,UNIVERSAL HEALTH SVCS INC,UNIVERSAL HEALTH SERVICES INC,11032,0,CAUCASIAN/WHITE,NA,Alan Miller,Alan,Miller,NA,CEO,Chairman/CEO,Executive Director,Yes,5/20/09,1/1/21,,,474,31865,81852
452,447,126,ULTA,ULTA BEAUTY INC,ULTA BEAUTY INC (Ulta Salon Cosmetics & Fragrance Inc prior to 01/2017),178704,0,CAUCASIAN/WHITE,NA,Mary Dillon,Mary,Dillon,NA,CEO,CEO,Executive Director,Yes,7/1/13,6/2/21,,,475,465379,487099
453,448,309,UNH,UNITEDHEALTH GROUP INC,UNITEDHEALTH GROUP INC,10903,0,CAUCASIAN/WHITE,NA,Dave Wichmann,Dave,Wichmann,NA,CEO,CEO,Executive Director,Yes,9/1/17,2/4/21,,,476,32107,333999
454,449,98,UNM,UNUM GROUP,UNUM GROUP (UnumProvident Corp prior to 03/2007),12726,0,CAUCASIAN/WHITE,NA,Rick McKenney,Rick,McKenney,NA,CEO,President/CEO,Executive Director,Yes,5/21/15,,,,477,31898,340641
455,450,142,UNP,UNION PACIFIC CORP,UNION PACIFIC CORP,10867,0,CAUCASIAN/WHITE,NA,Lance Fritz,Lance,Fritz,NA,CEO,Chairman/President/CEO,Executive Director,Yes,10/1/15,8/14/23,,,478,31786,603672
456,451,61,UPS,UNITED PARCEL SERVICE INC,UNITED PARCEL SERVICE (UPS) INC,10920,0,CAUCASIAN/WHITE,NA,David Abney,David,Abney,NA,CEO,Chairman/CEO,Executive Director,Yes,2/10/16,6/1/20,,,479,32137,41806
457,452,239,URI,UNITED RENTALS INC,UNITED RENTALS INC,66065,0,CAUCASIAN/WHITE,NA,Matt Flannery,Matt,Flannery,NA,CEO,President/CEO,Executive Director,Yes,5/8/19,,,,480,32144,628081
458,453,310,USB,US BANCORP,US BANCORP,4723,0,CAUCASIAN/WHITE,NA,Andy Cecere,Andy,Cecere,NA,CEO,Chairman/President/CEO,Executive Director,Yes,4/17/18,,,,481,31946,34167
459,454,418,V,VISA INC,VISA INC,179534,0,CAUCASIAN/WHITE,NA,Al Kelly Jr,Al,Kelly Jr,NA,CEO,Chairman/CEO,Executive Director,Yes,4/16/19,2/1/23,,,486,937594,33689
460,455,372,VAR,VARIAN MEDICAL SYSTEMS INC,VARIAN MEDICAL SYSTEMS INC (De-listed 04/2021),11115,0,CAUCASIAN/WHITE,NA,Dow Wilson,Dow,Wilson,NA,CEO,President/CEO,Executive Director,Yes,9/29/12,10/5/20,,,487,32375,453565
461,456,423,VFC,VF CORP,VF CORP,11060,0,CAUCASIAN/WHITE,NA,Steve Rendle,Steve,Rendle,NA,CEO,Chairman (Executive)/President/CEO,Executive Director,Yes,10/28/17,12/2/22,,,488,32574,831805
462,457,485,VICI,VICI PROPERTIES INC,VICI PROPERTIES INC,32580,0,CAUCASIAN/WHITE,NA,Ed Pitoniak,Ed,Pitoniak,NA,CEO,CEO,Executive Director,Yes,2/1/18,,,,490,2771146,648089
464,459,145,VMC,VULCAN MATERIALS CO,VULCAN MATERIALS CO,11228,0,CAUCASIAN/WHITE,NA,Tom Hill,Tom,Hill,NA,CEO,Chairman/President/CEO,Executive Director,Yes,1/1/16,9/20/23,,,491,32979,1085549
465,460,486,VNO,VORNADO REALTY TRUST,VORNADO REALTY TRUST,11220,0,CAUCASIAN/WHITE,NA,Steve Roth,Steve,Roth,NA,CEO,Chairman/CEO,Executive Director,Yes,4/15/13,,,,492,32928,142089
466,461,344,VRSK,VERISK ANALYTICS INC,VERISK ANALYTICS INC,180652,0,CAUCASIAN/WHITE,NA,Scott Stephenson,Scott,Stephenson,NA,CEO,Chairman/President/CEO,Executive Director,Yes,4/1/16,5/5/22,,,494,1586724,982579
469,464,393,VTR,VENTAS INC,VENTAS INC (Vencor Inc prior to 04/1998),110179,0,CAUCASIAN/WHITE,NA,Debra Cafaro,Debra,Cafaro,NA,CEO,Chairman/CEO,Executive Director,Yes,11/2/10,,,,495,32450,180625
471,466,487,VZ,VERIZON COMMUNICATIONS INC,VERIZON COMMUNICATIONS INC,2136,0,CAUCASIAN/WHITE,NA,Hans Vestberg,Hans,Vestberg,NA,CEO,Chairman/CEO,Executive Director,Yes,3/8/19,,,,496,32507,454544
472,467,203,WAB,WABTEC CORP,WESTINGHOUSE AIR BRAKE TECHNOLOGIES CORP,60979,1,HISPANIC/LATIN AMERICAN,NA,Rafael Santana,Rafael,Santana,NA,CEO,President/CEO,Executive Director,Yes,7/1/19,,,,497,33000,1188120
474,469,229,WBA,WALGREENS BOOTS ALLIANCE INC,WALGREENS BOOTS ALLIANCE INC (Walgreen Co prior to 12/2014),11264,0,CAUCASIAN/WHITE,NA,Stefano Pessina,Stefano,Pessina,NA,CEO,Executive Vice Chairman/CEO,Executive Director,Yes,7/9/15,3/15/21,,,498,33026,3997
476,471,302,WEC,WEC ENERGY GROUP INC,WEC ENERGY GROUP INC (Wisconsin Energy Corp prior to 06/2015),11550,0,CAUCASIAN/WHITE,NA,Kevin Fletcher,Kevin,Fletcher,NA,CEO,President/CEO,Executive Director,Yes,2/1/19,2/1/22,,,499,33607,885203
477,472,180,WELL,WELLTOWER INC,WELLTOWER INC (Health Care REIT Inc prior to 09/2015),5543,0,CAUCASIAN/WHITE,NA,Tom DeRosa,Tom,DeRosa,NA,CEO,Chairman/CEO,Executive Director,Yes,5/2/19,10/5/20,,,500,14484,183802
478,473,447,WFC,WELLS FARGO & CO,WELLS FARGO & CO,8007,0,CAUCASIAN/WHITE,NA,Charlie Scharf,Charlie,Scharf,NA,CEO,President/CEO,Executive Director,Yes,10/21/19,,,,501,33264,33951
479,474,102,WHR,WHIRLPOOL CORP,WHIRLPOOL CORP,11465,0,CAUCASIAN/WHITE,NA,Doctor Marc Bitzer,Marc ,Bitzer,NA,CEO,Chairman/President/CEO,Executive Director,Yes,1/1/19,9/1/21,,,503,33437,485987
480,475,166,WM,WASTE MANAGEMENT INC,WASTE MANAGEMENT INC,14477,0,CAUCASIAN/WHITE,NA,Jim Fish Jr,Jim,Fish Jr,NA,CEO,President/CEO,Executive Director,Yes,11/10/16,,,,504,33114,1119364
481,476,11,WMB,WILLIAMS COS INC,WILLIAMS COMPANIES INC,11506,0,CAUCASIAN/WHITE,NA,Alan Armstrong,Alan,Armstrong,NA,CEO,President/CEO,Executive Director,Yes,1/3/11,,,,505,33512,443291
482,477,5,WMT,WALMART INC,WALMART INC (Wal-Mart Stores Inc prior to 02/2018),11259,0,CAUCASIAN/WHITE,NA,Doug McMillon,Doug,McMillon,NA,CEO,President/CEO,Executive Director,Yes,2/1/14,,,,506,33046,32097
484,479,62,WRK,WESTROCK CO,WESTROCK CO,29830,0,CAUCASIAN/WHITE,NA,Steve Voorhees,Steve,Voorhees,NA,CEO,President/CEO,Executive Director,Yes,7/1/15,3/15/21,,,507,2302775,325766
485,480,188,WST,WEST PHARMACEUTICAL SVSC INC,WEST PHARMACEUTICAL SERVICES INC,11376,0,CAUCASIAN/WHITE,NA,Eric Green,Eric,Green,NA,CEO,President/CEO,Executive Director,Yes,12/17/15,5/24/22,,,508,33314,1194462
486,481,424,WU,WESTERN UNION CO,WESTERN UNION CO,175263,0,CAUCASIAN/WHITE,NA,Hikmet Ersek,Hikmet,Ersek,NA,CEO,President/CEO,Executive Director,Yes,9/1/10,12/31/21,,,509,840164,502258
487,482,405,WY,WEYERHAEUSER CO,WEYERHAEUSER CO,11456,0,CAUCASIAN/WHITE,NA,Devin Stockfish,Devin,Stockfish,NA,CEO,President/CEO,Executive Director,Yes,1/1/19,,,,510,33418,1266749
488,483,136,WYNN,WYNN RESORTS LTD,WYNN RESORTS LTD,149318,0,CAUCASIAN/WHITE,NA,Matt Maddox,Matt,Maddox,NA,CEO,CEO,Executive Director,Yes,5/29/19,1/31/22,,,511,136226,488858
490,485,374,XLNX,XILINX INC,XILINX INC (De-listed 02/2022),22325,1,ASIAN (EXCLUDE INDIAN/SOUTH ASIAN),NA,Victor Peng,Victor,Peng,NA,CEO,President/CEO,Executive Director,Yes,1/29/18,2/14/22,,,512,33857,339239
491,486,278,XOM,EXXON MOBIL CORP,EXXON MOBIL CORP,4503,0,CAUCASIAN/WHITE,NA,Darren Woods,Darren,Woods,NA,CEO,Chairman/CEO,Executive Director,Yes,1/1/17,,,,513,11430,1253894
492,487,35,XRAY,DENTSPLY SIRONA INC,DENTSPLY SIRONA INC (DENTSPLY International Inc prior to 02/2016),13700,0,CAUCASIAN/WHITE,NA,Don Casey Jr,Don,Casey Jr,NA,CEO,CEO,Executive Director,Yes,2/12/18,4/19/22,,,515,9023,590656
493,488,241,XRX,XEROX HOLDINGS CORP,XEROX HOLDINGS CORP (Xerox Corp prior to 08/2019),11636,0,CAUCASIAN/WHITE,NA,John Visentin,John,Visentin,NA,CEO,Vice Chairman/CEO,Executive Director,Yes,5/14/18,6/28/22,,,516,33850,1117881
494,489,293,XYL,XYLEM INC,XYLEM INC,189491,0,CAUCASIAN/WHITE,NA,Patrick Decker,Patrick,Decker,NA,CEO,President/CEO,Executive Director,Yes,3/17/14,12/31/23,,,517,1731107,598774
496,491,75,ZBH,ZIMMER BIOMET HOLDINGS INC,ZIMMER BIOMET HOLDINGS INC (Zimmer Holdings Inc prior to 06/2015),144559,0,CAUCASIAN/WHITE,NA,Bryan Hanson,Bryan,Hanson,NA,CEO,President/CEO,Executive Director,Yes,12/19/17,5/14/21,,,520,34134,1119554
497,492,230,ZBRA,ZEBRA TECHNOLOGIES CP -CL A,ZEBRA TECHNOLOGIES CORP,24405,0,CAUCASIAN/WHITE,NA,Anders Gustafsson,Anders,Gustafsson,NA,CEO,CEO,Executive Director,Yes,9/4/07,3/1/23,,,521,34075,204453
498,493,48,ZION,ZIONS BANCORPORATION NA,ZIONS BANCORPORATION NA (Zions Bancorporation prior to 10/2018),11687,0,CAUCASIAN/WHITE,NA,Harris Simmons,Harris,Simmons,NA,CEO,Chairman/CEO,Executive Director,Yes,3/4/14,,,,522,34139,57861